===> DEFCONFIG
===> BUILD
  GEN     /home/lixkote/LineageExtremeOCKernel_7580/output/Makefile
scripts/kconfig/conf --silentoldconfig Kconfig
INFO: CC is /home/lixkote/LineageExtremeOCKernel_7580/aarch64-linux-android-4.9/bin/aarch64-linux-android-gcc
  GEN     /home/lixkote/LineageExtremeOCKernel_7580/output/Makefile
  WRAP    arch/arm64/include/generated/asm/bug.h
  WRAP    arch/arm64/include/generated/asm/bugs.h
  WRAP    arch/arm64/include/generated/asm/checksum.h
  WRAP    arch/arm64/include/generated/asm/cputime.h
  WRAP    arch/arm64/include/generated/asm/delay.h
  WRAP    arch/arm64/include/generated/asm/div64.h
  WRAP    arch/arm64/include/generated/asm/clkdev.h
  WRAP    arch/arm64/include/generated/asm/current.h
  WRAP    arch/arm64/include/generated/asm/dma.h
  WRAP    arch/arm64/include/generated/asm/emergency-restart.h
  WRAP    arch/arm64/include/generated/asm/early_ioremap.h
  WRAP    arch/arm64/include/generated/asm/errno.h
  WRAP    arch/arm64/include/generated/asm/hw_irq.h
  WRAP    arch/arm64/include/generated/asm/ftrace.h
  WRAP    arch/arm64/include/generated/asm/ioctl.h
  WRAP    arch/arm64/include/generated/asm/ipcbuf.h
  WRAP    arch/arm64/include/generated/asm/kdebug.h
  WRAP    arch/arm64/include/generated/asm/ioctls.h
  WRAP    arch/arm64/include/generated/asm/kmap_types.h
  WRAP    arch/arm64/include/generated/asm/irq_regs.h
  WRAP    arch/arm64/include/generated/asm/local.h
  WRAP    arch/arm64/include/generated/asm/kvm_para.h
  WRAP    arch/arm64/include/generated/asm/local64.h
  WRAP    arch/arm64/include/generated/asm/mman.h
  WRAP    arch/arm64/include/generated/asm/msgbuf.h
  WRAP    arch/arm64/include/generated/asm/mutex.h
  WRAP    arch/arm64/include/generated/asm/poll.h
  WRAP    arch/arm64/include/generated/asm/pci.h
  WRAP    arch/arm64/include/generated/asm/posix_types.h
  WRAP    arch/arm64/include/generated/asm/resource.h
  WRAP    arch/arm64/include/generated/asm/rwsem.h
  WRAP    arch/arm64/include/generated/asm/scatterlist.h
  WRAP    arch/arm64/include/generated/asm/sections.h
  WRAP    arch/arm64/include/generated/asm/segment.h
  WRAP    arch/arm64/include/generated/asm/serial.h
  WRAP    arch/arm64/include/generated/asm/sembuf.h
  WRAP    arch/arm64/include/generated/asm/simd.h
  WRAP    arch/arm64/include/generated/asm/shmbuf.h
  WRAP    arch/arm64/include/generated/asm/sizes.h
  WRAP    arch/arm64/include/generated/asm/socket.h
  WRAP    arch/arm64/include/generated/asm/sockios.h
  WRAP    arch/arm64/include/generated/asm/switch_to.h
  WRAP    arch/arm64/include/generated/asm/swab.h
  WRAP    arch/arm64/include/generated/asm/termbits.h
  WRAP    arch/arm64/include/generated/asm/termios.h
  WRAP    arch/arm64/include/generated/asm/topology.h
  WRAP    arch/arm64/include/generated/asm/trace_clock.h
  WRAP    arch/arm64/include/generated/asm/unaligned.h
  WRAP    arch/arm64/include/generated/asm/types.h
  WRAP    arch/arm64/include/generated/asm/user.h
  WRAP    arch/arm64/include/generated/asm/vga.h
  WRAP    arch/arm64/include/generated/asm/xor.h
  CHK     include/generated/uapi/linux/version.h
  UPD     include/generated/uapi/linux/version.h
  WRAP    arch/arm64/include/generated/uapi/asm/kvm_para.h
  Using /home/lixkote/LineageExtremeOCKernel_7580 as source for kernel
  HOSTCC  scripts/basic/fixdep
  CHK     include/generated/utsrelease.h
  UPD     include/generated/utsrelease.h
  CC      kernel/bounds.s
  HOSTCC  scripts/kallsyms
  HOSTCC  scripts/sortextable
  HOSTCC  scripts/asn1_compiler
  HOSTCC  scripts/dtc/checks.o
  HOSTCC  scripts/dtc/data.o
  SHIPPED scripts/dtc/dtc-lexer.lex.c
  CC      scripts/mod/empty.o
  SHIPPED scripts/dtc/dtc-parser.tab.h
  SHIPPED scripts/dtc/dtc-parser.tab.c
  HOSTCC  scripts/mod/mk_elfconfig
  HOSTCC  scripts/dtc/dtc.o
  HOSTCC  scripts/dtc/flattree.o
  CC      scripts/mod/devicetable-offsets.s
  HOSTCC  scripts/dtc/fstree.o
  HOSTCC  scripts/selinux/mdp/mdp
  HOSTCC  scripts/dtc/livetree.o
  HOSTCC  scripts/selinux/genheaders/genheaders
  HOSTCC  scripts/dtc/srcpos.o
  HOSTCC  scripts/dtc/treesource.o
  HOSTCC  scripts/dtc/util.o
  HOSTCC  scripts/dtc/dtc-lexer.lex.o
  HOSTCC  scripts/dtc/dtc-parser.tab.o
  GEN     include/generated/bounds.h
  GEN     scripts/mod/devicetable-offsets.h
  CC      arch/arm64/kernel/asm-offsets.s
  MKELF   scripts/mod/elfconfig.h
  HOSTCC  scripts/mod/file2alias.o
  HOSTCC  scripts/mod/modpost.o
  HOSTCC  scripts/mod/sumversion.o
  GEN     include/generated/asm-offsets.h
  CALL    /home/lixkote/LineageExtremeOCKernel_7580/scripts/checksyscalls.sh
  HOSTLD  scripts/dtc/dtc
  HOSTLD  scripts/mod/modpost
  CHK     include/generated/compile.h
  HOSTCC  usr/gen_init_cpio
  CC      init/main.o
  CC      init/do_mounts.o
  CC      init/do_mounts_rd.o
  CC      init/do_mounts_initrd.o
  CC      init/initramfs.o
  CC      init/calibrate.o
  CC      init/init_task.o
  CC      arch/arm64/kernel/swp_emulate.o
  AS      arch/arm64/kernel/head.o
  LDS     arch/arm64/kernel/vmlinux.lds
  CC      arch/arm64/mm/dma-mapping.o
  CC      arch/arm64/mm/fault.o
  CC      arch/arm64/mm/extable.o
  CC      arch/arm64/mm/init.o
  AS      arch/arm64/mm/cache.o
  UPD     include/generated/compile.h
  CC      arch/arm64/mm/flush.o
  CC      arch/arm64/mm/copypage.o
  CC      arch/arm64/mm/iomap.o
  CC      arch/arm64/mm/mmap.o
  CC      arch/arm64/mm/ioremap.o
  CC      init/version.o
  CC      arch/arm64/mm/pgd.o
  CC      arch/arm64/mach-exynos/pm_domains.o
  CC      arch/arm64/mach-exynos/exynos-pm.o
  CC      arch/arm64/mm/mmu.o
  CC      arch/arm64/mach-exynos/pm_domains_sysfs.o
  CC      arch/arm64/mach-exynos/pm_domains-exynos7580.o
  CC      arch/arm64/mach-exynos/common.o
  CC      arch/arm64/mm/context.o
  AS      arch/arm64/mm/tlb.o
  CC      arch/arm64/mach-exynos/pmu.o
  AS      arch/arm64/mm/proc.o
  CC      arch/arm64/crypto/aes-glue-ce.o
  CC      arch/arm64/mach-exynos/pmu_cal_sys.o
  CC      arch/arm64/plat-samsung/cpu.o
  CC      arch/arm64/mach-exynos/exynos-powermode-smp.o
  CC      arch/arm64/plat-samsung/init.o
  AS      arch/arm64/crypto/sha1-ce-core.o
  CC      arch/arm64/crypto/sha1-ce-glue.o
  LDS     arch/arm64/kernel/vdso/vdso.lds
  CC      arch/arm64/mach-exynos/pm.o
  AS      arch/arm64/crypto/aes-ce.o
  CC      arch/arm64/crypto/sha2-ce-glue.o
  CC      arch/arm64/mach-exynos/pmu_cal_sys_exynos7580.o
  AS      arch/arm64/crypto/sha2-ce-core.o
  CC      arch/arm64/crypto/aes-ce-cipher.o
  VDSOA arch/arm64/kernel/vdso/gettimeofday.o
  CC      arch/arm64/mach-exynos/pmu-cp.o
  VDSOA arch/arm64/kernel/vdso/sigreturn.o
  VDSOA arch/arm64/kernel/vdso/note.o
  CC      arch/arm64/mach-exynos/asv-exynos.o
  CC      arch/arm64/mach-exynos/asv-exynos_cal.o
  CC      arch/arm64/mach-exynos/mach-universal7580.o
  CC      arch/arm64/mach-exynos/asv-exynos7580_cal.o
  CC      arch/arm64/mach-exynos/setup-fimc-is.o
  CC      arch/arm64/mach-exynos/setup-fimc-is-sensor.o
  CC      mm/filemap.o
  CC      arch/arm64/mach-exynos/setup-exynos5-mipiphy.o
  CC      mm/oom_kill.o
  CC      arch/arm64/mach-exynos/secmem.o
  CC      mm/mempool.o
  CC      arch/arm64/mach-exynos/setup-fimc-is-module.o
  CC      mm/fadvise.o
  CC      mm/maccess.o
  CC      mm/page-writeback.o
  CC      mm/page_alloc.o
  CC      mm/readahead.o
  CC      mm/swap.o
  CC      mm/truncate.o
  CC      ipc/compat.o
  CC      kernel/fork.o
  CC      ipc/util.o
  VDSOL arch/arm64/kernel/vdso/vdso.so.dbg
  OBJCOPY arch/arm64/kernel/vdso/vdso.so
  VDSOSYM arch/arm64/kernel/vdso/vdso-offsets.h
  CC      security/keys/gc.o
  CC      block/elevator.o
  CC      mm/vmscan.o
  CC      kernel/exec_domain.o
  AS      arch/arm64/kernel/vdso/vdso.o
  CC      kernel/panic.o
  CC      mm/shmem.o
  CC      fs/open.o
  CC      mm/util.o
  CC      ipc/msgutil.o
  CC      security/keys/key.o
  CC      block/blk-core.o
  LD      arch/arm64/kernel/vdso/built-in.o
  CC      fs/read_write.o
  CC      kernel/printk.o
  CC      ipc/msg.o
  CC      security/keys/keyring.o
  CC      fs/file_table.o
  CC      security/keys/keyctl.o
  CC      crypto/api.o
  CC      mm/mmzone.o
  CC      kernel/cpu.o
  LD      arch/arm64/plat-samsung/built-in.o
  CC      block/blk-tag.o
  CC      arch/arm64/kernel/cputable.o
  CC      security/commoncap.o
  CC      security/min_addr.o
  CC      crypto/cipher.o
  GEN     security/selinux/flask.h security/selinux/av_permissions.h
  CC      security/keys/permission.o
  LD      arch/arm64/mm/built-in.o
  CC      kernel/exit.o
  CC      block/blk-sysfs.o
  CC      security/selinux/avc.o
  CC      block/blk-flush.o
  CC      ipc/sem.o
  CC      security/selinux/hooks.o
  CC      arch/arm64/kernel/debug-monitors.o
  CC      mm/vmstat.o
  CC      security/keys/process_keys.o
  GEN     usr/initramfs_data.cpio
  AS      arch/arm64/kernel/entry.o
  CC      security/security.o
  CC      mm/backing-dev.o
  MKDIR   firmware/tsp_imagis/
  CC      arch/arm64/kernel/irq.o
  CC      ipc/shm.o
  CC      block/blk-settings.o
  MKDIR   firmware/abov/
  CC      security/capability.o
  CC      security/selinux/selinuxfs.o
  CC      mm/mm_init.o
  MK_FW   firmware/tsp_imagis/ist3032c_a3x.fw.gen.S
  CC      block/blk-ioc.o
  CC      mm/mmu_context.o
  IHEX    firmware/tsp_imagis/ist3032c_a3x.fw
  LD      arch/arm64/lib/built-in.o
  AS      usr/initramfs_data.o
  AS      arch/arm64/lib/bitops.o
  MK_FW   firmware/tsp_imagis/ist3032c_a3x_cmcs.bin.gen.S
  LD      arch/arm64/crypto/sha1-ce.o
  CC      fs/super.o
  CC      fs/char_dev.o
  IHEX    firmware/tsp_imagis/ist3032c_a3x_cmcs.bin
  AS      arch/arm64/lib/clear_page.o
  LD      arch/arm64/crypto/sha2-ce.o
  MK_FW   firmware/tsp_imagis/ist3032c_a3x_rev0.fw.gen.S
  IHEX    firmware/tsp_imagis/ist3032c_a3x_rev0.fw
  CC      crypto/compress.o
  CC      sound/sound_core.o
  MK_FW   firmware/tsp_imagis/ist3032c_a3x_rev0_cmcs.bin.gen.S
  LD      arch/arm64/crypto/aes-ce-blk.o
  CC      security/lsm_audit.o
  IHEX    firmware/tsp_imagis/ist3032c_a3x_rev0_cmcs.bin
  LD      usr/built-in.o
  CC      ipc/ipcns_notifier.o
  LD      arch/arm64/crypto/built-in.o
  CC      kernel/itimer.o
  HZFILE  kernel/hz.bc
  MK_FW   firmware/abov/abov_tk.fw.gen.S
  CC      security/selinux/netlink.o
  LD      sound/arm/built-in.o
  IHEX    firmware/abov/abov_tk.fw
  LD      sound/atmel/built-in.o
  CC      arch/arm64/kernel/fpsimd.o
  MK_FW   firmware/abov/abov_ft1604_a3.fw.gen.S
  CC      net/socket.o
  AS      arch/arm64/lib/clear_user.o
  IHEX    firmware/abov/abov_ft1604_a3.fw
  CC      mm/percpu.o
  AS      arch/arm64/lib/copy_from_user.o
  AS      arch/arm64/lib/copy_in_user.o
  CC      kernel/softirq.o
  MK_FW   firmware/abov/abov_ft1604_a5.fw.gen.S
  CC      block/blk-map.o
  IHEX    firmware/abov/abov_ft1604_a5.fw
  MK_FW   firmware/abov/abov_ft1604_a5_ltn.fw.gen.S
  CC      ipc/syscall.o
  IHEX    firmware/abov/abov_ft1604_a5_ltn.fw
  CC      security/keys/request_key.o
  CC      security/keys/request_key_auth.o
  LD      net/802/built-in.o
  CC      block/blk-exec.o
  AS      arch/arm64/lib/copy_page.o
  MK_FW   firmware/abov/abov_ft1604_a7.fw.gen.S
  IHEX    firmware/abov/abov_ft1604_a7.fw
  MK_FW   firmware/abov/abov_ft1604_a7_chn.fw.gen.S
  IHEX    firmware/abov/abov_ft1604_a7_chn.fw
  DTC     arch/arm64/boot/dts/exynos7580-a3xelte_eur_open_00.dtb
  CC      lib/bcd.o
  MK_FW   firmware/abov/abov_a3.fw.gen.S
  IHEX    firmware/abov/abov_a3.fw
  CC      net/core/sock.o
  CC      kernel/resource.o
  CC      security/selinux/nlmsgtab.o
  LD      init/mounts.o
  CC      mm/slab_common.o
  CC      net/ethernet/eth.o
  MK_FW   firmware/abov/abov_a5.fw.gen.S
  CC      kernel/sysctl.o
  CC      lib/div64.o
  IHEX    firmware/abov/abov_a5.fw
  AS      arch/arm64/lib/copy_to_user.o
  LD      init/built-in.o
  MK_FW   firmware/abov/abov_a5_fd.fw.gen.S
  IHEX    firmware/abov/abov_a5_fd.fw
  CC      net/core/request_sock.o
  AS      arch/arm64/kernel/entry-fpsimd.o
  MK_FW   firmware/abov/abov_a7.fw.gen.S
  IHEX    firmware/abov/abov_a7.fw
  CC      arch/arm64/kernel/process.o
  MK_FW   firmware/abov/abov_a7_kor.fw.gen.S
  CC      arch/arm64/kernel/ptrace.o
  IHEX    firmware/abov/abov_a7_kor.fw
  LD      arch/arm64/mach-exynos/built-in.o
  CC      net/ipv4/route.o
  CC      arch/arm64/lib/delay.o
  CC      net/bluetooth/af_bluetooth.o
  CC      lib/sort.o
  CC      sound/core/compress_offload.o
  CC      crypto/memneq.o
  AS      firmware/tsp_imagis/ist3032c_a3x.fw.gen.o
  CC      crypto/algapi.o
  CC      net/ipv4/inetpeer.o
  CC      security/keys/user_defined.o
  CC      crypto/scatterwalk.o
  DTC     arch/arm64/boot/dts/exynos7580-a3xelte_eur_open_01.dtb
  CC      mm/compaction.o
  DTC     arch/arm64/boot/dts/exynos7580-a3xelte_eur_open_02.dtb
  CC      drivers/amba/bus.o
  AS      firmware/tsp_imagis/ist3032c_a3x_cmcs.bin.gen.o
  CC      net/core/skbuff.o
  LD      sound/drivers/mpu401/built-in.o
  LD      sound/firewire/built-in.o
  CC      drivers/android/binder.o
  CC      kernel/sysctl_binary.o
  CC      lib/parser.o
  CC      crypto/proc.o
  CC      net/key/af_key.o
  AS      firmware/tsp_imagis/ist3032c_a3x_rev0.fw.gen.o
  LD      sound/drivers/opl3/built-in.o
  CC      net/ipv4/protocol.o
  LD      sound/drivers/opl4/built-in.o
  CC      drivers/android/binder_alloc.o
  CC      mm/balloon_compaction.o
  AS      firmware/tsp_imagis/ist3032c_a3x_rev0_cmcs.bin.gen.o
  LD      sound/i2c/other/built-in.o
  CC      security/selinux/netif.o
  LD      sound/drivers/pcsp/built-in.o
  CC      kernel/capability.o
  LD      sound/i2c/built-in.o
  CC      block/blk-merge.o
  CC      net/bluetooth/hci_core.o
  LD      sound/drivers/vx/built-in.o
  CC      net/bluetooth/hci_conn.o
  CC      crypto/ablkcipher.o
  LD      sound/drivers/built-in.o
  CC      net/ipv4/ip_input.o
  CC      ipc/ipc_sysctl.o
  AS      firmware/abov/abov_tk.fw.gen.o
  AS      arch/arm64/lib/memchr.o
  CC      net/bluetooth/hci_event.o
  CC      sound/core/hwdep.o
  CC      lib/halfmd4.o
  LD      drivers/auxdisplay/built-in.o
  CC      security/selinux/netnode.o
  CC      arch/arm64/kernel/setup.o
  CC      security/keys/compat.o
  CC      crypto/blkcipher.o
  AS      arch/arm64/lib/memcmp.o
  CC      ipc/namespace.o
  AS      firmware/abov/abov_ft1604_a3.fw.gen.o
  CC      security/selinux/netport.o
  CC      net/ipv6/af_inet6.o
  CC      kernel/ptrace.o
  CC      kernel/timer.o
  CC      lib/debug_locks.o
  CC      security/selinux/exports.o
  AS      arch/arm64/lib/memcpy.o
  AS      firmware/abov/abov_ft1604_a5.fw.gen.o
  CC      net/netfilter/core.o
  CC      fs/stat.o
  AS      firmware/abov/abov_ft1604_a5_ltn.fw.gen.o
  CC      net/netfilter/nf_log.o
  CC      net/core/iovec.o
  AS      arch/arm64/lib/memmove.o
  CC      security/keys/proc.o
  CC      crypto/ahash.o
  CC      sound/core/memalloc.o
  AS      firmware/abov/abov_ft1604_a7.fw.gen.o
  LD      net/ethernet/built-in.o
  AS      firmware/abov/abov_ft1604_a7_chn.fw.gen.o
  CC      sound/core/pcm.o
  CC      net/bluetooth/mgmt.o
  CC      fs/exec.o
  CC      sound/core/pcm_native.o
  CC      lib/random32.o
  CC      net/ipv6/anycast.o
  AS      firmware/abov/abov_a3.fw.gen.o
  AS      arch/arm64/lib/memset.o
  CC      security/keys/sysctl.o
  CC      net/ipv4/ip_fragment.o
  AS      arch/arm64/lib/strchr.o
  CC      net/netfilter/nf_queue.o
  AS      firmware/abov/abov_a5.fw.gen.o
  CC      drivers/base/core.o
  CC      drivers/battery/sec_battery.o
  CC      net/ipv6/ip6_output.o
  AS      firmware/abov/abov_a5_fd.fw.gen.o
  AS      arch/arm64/lib/strcmp.o
  CC      net/netlink/af_netlink.o
  LD      sound/mips/built-in.o
  LD      drivers/amba/built-in.o
  CC      drivers/battery/sec_adc.o
  AS      firmware/abov/abov_a7.fw.gen.o
  LD      sound/isa/ad1816a/built-in.o
  CC      drivers/base/bus.o
  CC      arch/arm64/kernel/signal.o
  CC      sound/core/pcm_lib.o
  CC      lib/bust_spinlocks.o
  CC      drivers/block/brd.o
  AS      arch/arm64/lib/strlen.o
  CC      drivers/base/dd.o
  CC      net/core/datagram.o
  CC      mm/vmacache.o
  LD      sound/isa/ad1848/built-in.o
  AS      firmware/abov/abov_a7_kor.fw.gen.o
  CC      arch/arm64/kernel/sys.o
  LD      ipc/built-in.o
  CC      arch/arm64/kernel/stacktrace.o
  CC      net/netlink/genetlink.o
  LD      sound/isa/es1688/built-in.o
  LD      sound/isa/cs423x/built-in.o
  AS      arch/arm64/lib/strncmp.o
  CC      net/netfilter/nf_sockopt.o
  CC      crypto/shash.o
  CC      net/netfilter/nf_conntrack_core.o
  LD      sound/isa/galaxy/built-in.o
  CC      drivers/battery/s2mu003_fuelgauge.o
  CC      security/selinux/ss/ebitmap.o
  LD      firmware/built-in.o
  CC      fs/pipe.o
  CC      net/nfc/core.o
  CC      net/bluetooth/hci_sock.o
  CC      kernel/user.o
  LD      sound/isa/gus/built-in.o
  AS      arch/arm64/lib/strnlen.o
  LD      sound/parisc/built-in.o
  CC      net/ipv6/ip6_input.o
  LD      sound/isa/msnd/built-in.o
  CC      crypto/algboss.o
  CC      arch/arm64/kernel/time.o
  CC      lib/hexdump.o
  AS      arch/arm64/lib/strrchr.o
  LD      sound/isa/opti9xx/built-in.o
  CC      arch/arm64/kernel/traps.o
  CC      drivers/bluetooth/bcm43xx.o
  LD      sound/isa/sb/built-in.o
  AR      arch/arm64/lib/lib.a
  CC      drivers/bts/cal_bts_7580.o
  CC      net/nfc/netlink.o
  CC      net/ipv6/addrconf.o
  CC      net/bluetooth/hci_sysfs.o
  LD      security/keys/built-in.o
  CC      block/blk-softirq.o
  LD      sound/isa/wavefront/built-in.o
  CC      crypto/testmgr.o
  CC      drivers/base/syscore.o
  CC      security/selinux/ss/hashtab.o
  CC      drivers/block/loop.o
  CC      mm/interval_tree.o
  LD      sound/isa/wss/built-in.o
  CC      drivers/battery/s2mu003_charger.o
  LD      sound/isa/built-in.o
  CC      drivers/base/driver.o
  CC      net/packet/af_packet.o
  CC      net/ipv6/addrlabel.o
  CC      drivers/bts/bts-exynos7580.o
  CC      net/bluetooth/l2cap_core.o
  CC      lib/kasprintf.o
  CC      net/ipv4/ip_forward.o
  CC      fs/namei.o
  CC      security/selinux/ss/symtab.o
  LD      drivers/bluetooth/built-in.o
  CC      mm/fremap.o
  LD      sound/pci/ac97/built-in.o
  CC      drivers/block/zram/zcomp_lzo.o
  LD      sound/pci/ali5451/built-in.o
  CC      security/selinux/ss/sidtab.o
  CC      net/ipv4/ip_options.o
  CC      net/ipv6/route.o
  LD      sound/pci/asihpi/built-in.o
  CC      drivers/base/class.o
  CC      lib/bitmap.o
  LD      drivers/bus/built-in.o
  CC      net/ipv4/ip_output.o
  LD      drivers/cdrom/built-in.o
  LD      sound/pci/au88x0/built-in.o
  CC      net/ipv4/ip_sockglue.o
  CC      net/bluetooth/l2cap_sock.o
  LD      sound/pci/aw2/built-in.o
  CC      net/phonet/pn_dev.o
  CC      lib/scatterlist.o
  CC      kernel/signal.o
  LD      sound/pci/ca0106/built-in.o
  CC      net/phonet/pn_netlink.o
  CC      net/core/stream.o
  LD      sound/pci/cs46xx/built-in.o
  CC      kernel/sys.o
  CC      arch/arm64/kernel/io.o
  LD      sound/pci/cs5535audio/built-in.o
  LD      sound/pci/ctxfi/built-in.o
  CC      net/phonet/socket.o
  CC      crypto/crypto_wq.o
  LD      sound/pci/echoaudio/built-in.o
  CC      lib/gcd.o
  LD      sound/ppc/built-in.o
  LD      sound/pci/emu10k1/built-in.o
  CC      drivers/block/zram/zcomp.o
  CC      kernel/kmod.o
  LD      sound/pcmcia/pdaudiocf/built-in.o
  CC      net/nfc/af_nfc.o
  CC      drivers/char/mem.o
  CC      arch/arm64/kernel/vdso.o
  LD      sound/pci/hda/built-in.o
  LD      sound/pcmcia/vx/built-in.o
  CC      drivers/char/random.o
  CC      block/blk-timeout.o
  CC      block/blk-iopoll.o
  CC      kernel/workqueue.o
  LD      sound/pcmcia/built-in.o
  LD      sound/pci/ice1712/built-in.o
  CC      drivers/char/misc.o
  CC      net/netfilter/nf_conntrack_standalone.o
  CC      net/core/scm.o
  LD      sound/pci/korg1212/built-in.o
  CC      net/core/gen_stats.o
  CC      net/phonet/datagram.o
  CC      security/selinux/ss/avtab.o
  CC      net/rfkill/core.o
  CC      lib/lcm.o
  LD      sound/pci/lola/built-in.o
  CC      block/blk-lib.o
  LD      sound/sh/built-in.o
  LD      sound/pci/lx6464es/built-in.o
  CC      net/sched/sch_generic.o
  LD      sound/pci/mixart/built-in.o
  CC      mm/highmem.o
  CC      drivers/clk/clk-devres.o
  CC      drivers/block/zram/zram_drv.o
  CC      drivers/clk/clkdev.o
  LD      sound/pci/nm256/built-in.o
  CC      drivers/clocksource/clksrc-of.o
  CC      net/phonet/sysctl.o
  CC      net/netfilter/nf_conntrack_expect.o
  LD      sound/pci/oxygen/built-in.o
  CC      crypto/aead.o
  CC      net/ipv6/ip6_fib.o
  CC      kernel/pid.o
  CC      net/rfkill/input.o
  LD      sound/pci/pcxhr/built-in.o
  CC      net/core/gen_estimator.o
  CC      drivers/clocksource/exynos_mct.o
  CC      drivers/base/platform.o
  LD      sound/pci/riptide/built-in.o
  LD      sound/pci/rme9652/built-in.o
  CC      drivers/base/cpu.o
  CC      net/netfilter/nf_conntrack_helper.o
  LD      sound/pci/trident/built-in.o
  CC      net/ipv4/inet_hashtables.o
  CC      net/netfilter/nf_conntrack_proto.o
  CC      mm/madvise.o
  AS      arch/arm64/kernel/hyp-stub.o
  LD      drivers/bts/built-in.o
  LD      sound/pci/vx222/built-in.o
  CC      drivers/cpufreq/cpufreq.o
  LD      crypto/crypto_blkcipher.o
  CC      net/bluetooth/smp.o
  CC      net/nfc/rawsock.o
  CC      net/sched/sch_mq.o
  LD      sound/pci/ymfpci/built-in.o
  CC      drivers/clocksource/arm_arch_timer.o
  CC      lib/list_sort.o
  CC      fs/fcntl.o
  CC      drivers/clk/clk.o
  CC      sound/core/pcm_timer.o
  LD      sound/pci/built-in.o
  CC      arch/arm64/kernel/psci.o
  CC      net/ipv6/ipv6_sockglue.o
  CC      drivers/base/firmware.o
  CC      net/ipv4/inet_timewait_sock.o
  CC      mm/memory.o
  CC      net/bluetooth/sco.o
  CC      net/ipv4/inet_connection_sock.o
  CC      drivers/cpufreq/cpu_load_metric.o
  CC      net/unix/af_unix.o
  CC      net/nfc/llcp_core.o
  CC      security/selinux/ss/policydb.o
  CC      net/nfc/llcp_commands.o
  CC      net/sched/sch_api.o
  CC      drivers/block/zram/zcomp_lz4.o
  CC      crypto/chainiv.o
  CC      sound/core/pcm_misc.o
  CC      drivers/clk/clk-divider.o
  CC      lib/uuid.o
  CC      net/core/net_namespace.o
  CC      block/ioctl.o
  CC      drivers/clk/clk-fixed-factor.o
  CC      net/sched/sch_blackhole.o
  CC      security/selinux/ss/services.o
  LD      drivers/clocksource/built-in.o
  CC      lib/flex_array.o
  CC      net/ipv4/tcp.o
  CC      net/netfilter/nf_conntrack_l3proto_generic.o
  LD      drivers/block/zram/zram.o
  CC      drivers/cpufreq/cpufreq_stats.o
  LD      drivers/block/zram/built-in.o
  LD      net/packet/built-in.o
  CC      net/unix/garbage.o
  CC      block/genhd.o
  CC      drivers/base/init.o
  CC      net/netfilter/nf_conntrack_proto_generic.o
  LD      drivers/block/built-in.o
  CC      block/scsi_ioctl.o
  LD      net/key/built-in.o
  CC      kernel/task_work.o
  CC      sound/core/pcm_memory.o
  LD      sound/sparc/built-in.o
  CC      drivers/clk/clk-fixed-rate.o
  CC      arch/arm64/kernel/cpu_ops.o
  CC      security/selinux/ss/conditional.o
  CC      net/sched/cls_api.o
  CC      lib/iovec.o
  CC      sound/soc/soc-core.o
  CC      sound/core/rawmidi.o
  CC      net/unix/sysctl_net_unix.o
  CC      net/ipv6/ndisc.o
  CC      net/netfilter/nf_conntrack_proto_tcp.o
  CC      crypto/eseqiv.o
  CC      drivers/cpufreq/cpufreq_interactive.o
  CC      net/phonet/af_phonet.o
  LD      net/netlink/built-in.o
  CC      drivers/base/map.o
  CC      lib/bsearch.o
  CC      drivers/char/frandom.o
  CC      drivers/cpufreq/freq_table.o
  CC      mm/mincore.o
  LD      net/rfkill/rfkill.o
  LD      net/rfkill/built-in.o
  CC      drivers/base/devres.o
  CC      arch/arm64/kernel/insn.o
  CC      sound/core/timer.o
  CC      lib/find_last_bit.o
  CC      sound/core/sound.o
  CC      net/phonet/pep.o
  CC      drivers/base/attribute_container.o
  CC      lib/find_next_bit.o
  CC      net/ipv6/udp.o
  CC      block/partition-generic.o
  CC      net/nfc/llcp_sock.o
  CC      arch/arm64/kernel/return_address.o
  CC      fs/ioctl.o
  CC      drivers/clk/clk-gate.o
  CC      fs/readdir.o
  CC      lib/llist.o
  CC      mm/mlock.o
  CC      net/phonet/pep-gprs.o
  CC      drivers/cpuidle/cpuidle.o
  CC      lib/memweight.o
  CC      net/bluetooth/lib.o
  CC      net/ipv4/tcp_input.o
  CC      net/xfrm/xfrm_policy.o
  CC      mm/mmap.o
  CC      drivers/cpufreq/exynos-smp-cpufreq.o
  CC      net/core/secure_seq.o
  CC      drivers/cpufreq/dm_cluster_hotplug_7580.o
  CC      crypto/seqiv.o
  CC      drivers/base/transport_class.o
  CC      arch/arm64/kernel/opcodes.o
  CC      net/sched/act_api.o
  CC      net/wireless/core.o
  CC      net/sched/act_police.o
  LD      net/unix/unix.o
  CC      lib/kfifo.o
  LD      net/unix/built-in.o
  CC      net/ipv6/udplite.o
  LD      drivers/crypto/built-in.o
  CC      sound/soc/soc-dapm.o
  CC      net/ipv4/tcp_output.o
  CC      net/bluetooth/a2mp.o
  LD      crypto/crypto_hash.o
  CC      net/wireless/sysfs.o
  CC      net/netfilter/nf_conntrack_proto_udp.o
  CC      drivers/clk/clk-mux.o
  CC      block/partitions/check.o
  CC      drivers/cpuidle/driver.o
  CC      drivers/char/hw_random/core.o
  CC      net/compat.o
  LD      sound/spi/built-in.o
  CC      net/netfilter/nf_conntrack_extend.o
  CC      sound/core/init.o
  CC      block/partitions/msdos.o
  CC      lib/string_helpers.o
  CC      security/selinux/ss/mls.o
  CC      crypto/pcompress.o
  CC      block/noop-iosched.o
  CC      drivers/clk/clk-composite.o
  AS      arch/arm64/kernel/sys32.o
  CC      drivers/base/topology.o
  CC      drivers/devfreq/devfreq.o
  CC      net/netfilter/nf_conntrack_acct.o
  LD      drivers/battery/built-in.o
  CC      net/ipv4/tcp_timer.o
  CC      net/sysctl_net.o
  CC      sound/core/memory.o
  AS      arch/arm64/kernel/kuser32.o
  LD      sound/synth/built-in.o
  CC      kernel/rcupdate.o
  CC      net/bluetooth/amp.o
  CC      drivers/char/hw_random/exyswd-rng.o
  CC      sound/soc/soc-jack.o
  CC      lib/kstrtox.o
  CC      net/core/flow_dissector.o
  CC      arch/arm64/kernel/signal32.o
  CC      block/partitions/efi.o
  CC      fs/select.o
  CC      net/core/sysctl_net_core.o
  CC      sound/core/info.o
  CC      net/wireless/radiotap.o
  CC      drivers/cpuidle/governor.o
  CC      net/netfilter/nf_conntrack_ecache.o
  CC      arch/arm64/kernel/sys_compat.o
  CC      net/wireless/util.o
  CC      fs/dcache.o
  CC      block/cfq-iosched.o
  CC      kernel/extable.o
  CC      net/sched/act_gact.o
  CC      net/core/dev.o
  CC      drivers/base/devtmpfs.o
  CC      sound/soc/soc-cache.o
  CC      drivers/clk/samsung/composite.o
  CC      fs/inode.o
  CC      arch/arm64/kernel/smp.o
  CC      drivers/dma/dmaengine.o
  CC      sound/usb/card.o
  LD      crypto/cryptomgr.o
  CC      crypto/hmac.o
  CC      security/selinux/ss/status.o
  CC      fs/attr.o
  CC      net/ipv6/raw.o
  CC      drivers/devfreq/governor_simpleondemand.o
  LD      drivers/char/hw_random/rng-core.o
  LD      drivers/char/hw_random/built-in.o
  CC      crypto/crypto_null.o
  CC      sound/usb/clock.o
  CC      net/xfrm/xfrm_state.o
  LD      drivers/char/built-in.o
  CC      drivers/base/dma-contiguous.o
  CC      drivers/cpuidle/sysfs.o
  CC      lib/iomap.o
  CC      block/compat_ioctl.o
  CC      net/activity_stats.o
  CC      sound/core/control.o
  CC      sound/soc/soc-utils.o
  CC      crypto/md5.o
  LD      net/nfc/nfc.o
  CC      net/netfilter/nf_conntrack_labels.o
  CC      drivers/clk/samsung/clk-exynos7580.o
  CC      drivers/devfreq/governor_simpleexynos.o
  LD      net/nfc/built-in.o
  CC      sound/usb/endpoint.o
  CC      sound/last.o
  CC      net/core/ethtool.o
  CC      fs/bad_inode.o
  LD      drivers/firewire/built-in.o
  CC      sound/usb/format.o
  CC      net/ipv6/icmp.o
  LD      block/partitions/built-in.o
  CC      net/ipv4/tcp_ipv4.o
  CC      drivers/dma/of-dma.o
  CC      lib/pci_iomap.o
  CC      mm/mprotect.o
  CC      net/xfrm/xfrm_hash.o
  CC      net/netfilter/nf_conntrack_h323_main.o
  CC      drivers/dma/pl330.o
  LD      drivers/cpufreq/built-in.o
  CC      net/sched/act_mirred.o
  CC      arch/arm64/kernel/smp_spin_table.o
  CC      net/ipv4/tcp_minisocks.o
  LD      net/phonet/phonet.o
  CC      net/ipv6/mcast.o
  CC      arch/arm64/kernel/topology.o
  LD      net/phonet/pn_pep.o
  CC      mm/mremap.o
  LD      sound/soundcore.o
  CC      drivers/base/power/sysfs.o
  CC      arch/arm64/kernel/perf_regs.o
  LD      net/phonet/built-in.o
  CC      sound/soc/soc-pcm.o
  CC      net/ipv4/tcp_cong.o
  LD      drivers/firmware/built-in.o
  CC      net/netfilter/nf_conntrack_h323_asn1.o
  CC      net/netfilter/nf_nat_core.o
  CC      net/ipv4/tcp_metrics.o
  CC      mm/msync.o
  CC      net/netfilter/nf_nat_proto_unknown.o
  CC      drivers/base/regmap/regmap.o
  CC      net/ipv4/tcp_fastopen.o
  CC      net/netfilter/nf_nat_proto_common.o
  CC      drivers/cpuidle/governors/ladder.o
  CC      drivers/base/regmap/regcache.o
  CC      lib/iomap_copy.o
  CC      drivers/devfreq/exynos7580_bus.o
  CC      net/netfilter/nf_nat_proto_udp.o
  CC      net/netfilter/nf_nat_proto_tcp.o
  CC      net/sched/sch_fifo.o
  CC      sound/usb/helper.o
  CC      crypto/sha1_generic.o
  CC      drivers/clk/samsung/clk-exynos-audss.o
  CC      drivers/devfreq/exynos7580_bus_mif.o
  CC      kernel/params.o
  CC      drivers/base/power/generic_ops.o
  CC      drivers/base/power/common.o
  CC      drivers/base/regmap/regcache-rbtree.o
  CC      kernel/posix-timers.o
  CC      drivers/base/dma-mapping.o
  CC      lib/devres.o
  CC      drivers/cpuidle/of_idle_states.o
  CC      kernel/kthread.o
  CC      sound/usb/mixer.o
  CC      net/sched/sch_htb.o
  CC      drivers/cpuidle/governors/menu.o
  CC      drivers/base/power/qos.o
  CC      mm/rmap.o
  CC      drivers/devfreq/exynos7580_bus_int.o
  CC      sound/soc/soc-compress.o
  CC      lib/hweight.o
  CC      sound/usb/mixer_quirks.o
  CC      drivers/clk/samsung/clk-exynos-pwm.o
  CC      lib/smp_processor_id.o
  CC      arch/arm64/kernel/perf_event.o
  CC      drivers/devfreq/exynos7580_bus_isp.o
  LD      security/selinux/selinux.o
  CC      net/core/dev_addr_lists.o
  CC      drivers/base/dma-coherent.o
  CC      sound/usb/pcm.o
  CC      drivers/devfreq/exynos7580_ppmu.o
  CC      net/wireless/reg.o
  CC      drivers/dma/samsung-dma.o
  CC      sound/core/misc.o
  LD      security/selinux/built-in.o
  CC      drivers/gpio/devres.o
  CC      crypto/sha256_generic.o
  LD      security/built-in.o
  CC      net/ipv6/reassembly.o
  CC      sound/soc/soc-io.o
  LD      drivers/clk/samsung/built-in.o
  CC      drivers/gpio/gpiolib.o
  CC      lib/bitrev.o
  LD      drivers/clk/built-in.o
  CC      mm/vmalloc.o
  CC      drivers/base/regmap/regcache-lzo.o
  CC      net/sched/sch_ingress.o
  CC      sound/core/device.o
  CC      arch/arm64/kernel/hw_breakpoint.o
  CC      net/sched/sch_prio.o
  CC      drivers/devfreq/exynos_ppmu_fw.o
  LD      drivers/cpuidle/governors/built-in.o
  CC      net/wireless/scan.o
  LD      drivers/android/built-in.o
  CC      net/core/dst.o
  CC      drivers/cpuidle/cpuidle_profiler.o
  CC      sound/usb/proc.o
  CC      net/xfrm/xfrm_input.o
  CC      drivers/base/power/main.o
  LD      sound/soc/atmel/built-in.o
  CC      drivers/base/power/wakeup.o
  CC      net/sched/cls_u32.o
  CC      drivers/gps/sec_gps_bcm4752.o
  CC      drivers/base/power/runtime.o
  CC      drivers/base/dma-buf.o
  CC      drivers/cpuidle/cpuidle-exynos64-smp.o
  CC      kernel/wait.o
  LD      block/built-in.o
  CC      mm/pagewalk.o
  CC      net/wireless/nl80211.o
  CC      lib/crc16.o
  CC      arch/arm64/kernel/early_printk.o
  CC      net/ipv4/datagram.o
  CC      net/sched/cls_basic.o
  CC      fs/file.o
  HOSTCC  lib/gen_crc32table
  CC      net/wireless/mlme.o
  CC      net/ipv6/tcp_ipv6.o
  CC      sound/core/jack.o
  CC      drivers/base/power/opp.o
  CC      net/ipv4/raw.o
  CC      kernel/sys_ni.o
  LD      sound/soc/au1x/built-in.o
  AS      arch/arm64/kernel/sleep.o
  AS      arch/arm64/kernel/exynos-smc.o
  CC      arch/arm64/kernel/suspend.o
  CC      drivers/gud/gud-exynos7580/MobiCoreDriver/logging.o
  CC      mm/pgtable-generic.o
  CC      drivers/gud/gud-exynos7580/MobiCoreDriver/ops.o
  LD      drivers/hsi/clients/built-in.o
  CC      net/ipv6/ping.o
  CC      mm/process_vm_access.o
  LD      drivers/hsi/built-in.o
  CC      net/netfilter/nf_nat_helper.o
  CC      drivers/base/firmware_class.o
  LD      drivers/gps/built-in.o
  CC      drivers/hid/hid-lg.o
  CC      net/ipv4/udp.o
  CC      net/core/netevent.o
  CC      drivers/gud/gud-exynos7580/MobiCoreDriver/mem.o
  CC      net/netfilter/nfnetlink_queue_core.o
  CC      fs/filesystems.o
  CC      kernel/posix-cpu-timers.o
  CC      drivers/hid/hid-picolcd_core.o
  CC      kernel/mutex.o
  LD      drivers/gpu/drm/i2c/built-in.o
  CC      crypto/gf128mul.o
  CC      drivers/base/power/domain.o
  LD      drivers/gpu/drm/built-in.o
  CC      lib/libcrc32c.o
  CC      fs/namespace.o
  CC      net/wireless/ibss.o
  CC      net/xfrm/xfrm_output.o
  CC      fs/seq_file.o
  CC      crypto/ecb.o
  LD      net/bluetooth/bluetooth.o
  CC      lib/genalloc.o
  CC      drivers/base/regmap/regcache-flat.o
  CC      net/wireless/sme.o
  LD      net/bluetooth/built-in.o
  CC      drivers/gpio/gpiolib-of.o
  CC      net/netfilter/nfnetlink.o
  CC      net/ipv6/exthdrs.o
  CC      drivers/devfreq/FW_exynos_ppmu.o
  LD      sound/soc/blackfin/built-in.o
  CC      net/wireless/chan.o
  CC      sound/usb/quirks.o
  CC      net/wireless/ethtool.o
  CC      lib/lz4/lz4_compress.o
  LD      arch/arm64/kernel/built-in.o
  CC      drivers/hwmon/hwmon.o
  CC      lib/lzo/lzo1x_compress.o
  CC      net/wireless/mesh.o
  CC      net/sched/ematch.o
  LD      drivers/cpuidle/built-in.o
  CC      net/core/neighbour.o
  CC      drivers/gud/gud-exynos7580/MobiCoreDriver/api.o
  LD      drivers/gpu/vga/built-in.o
  CC      crypto/cbc.o
  CC      drivers/hid/hid-picolcd_fb.o
  CC      net/netfilter/nfnetlink_log.o
  CC      lib/lzo/lzo1x_decompress_safe.o
  CC      drivers/hwmon/sec_thermistor.o
  CC      mm/init-mm.o
  CC      drivers/base/regmap/regmap-debugfs.o
  CC      net/xfrm/xfrm_sysctl.o
  LD      sound/core/snd.o
  CC      lib/lz4/lz4_decompress.o
  CC      drivers/gpu/arm/t7xx/r15p0/platform/exynos/gpu_integration_callbacks.o
  LD      drivers/devfreq/built-in.o
  LD      sound/core/snd-hwdep.o
  LD      drivers/idle/built-in.o
  CC      mm/nobootmem.o
  CC      drivers/hid/hid-picolcd_backlight.o
  CC      drivers/i2c/i2c-boardinfo.o
  CC      net/ipv4/udplite.o
  CC      drivers/gpu/arm/t7xx/r15p0/platform/exynos/mali_kbase_platform.o
  LD      sound/core/snd-timer.o
  CC      sound/usb/stream.o
  CC      drivers/base/power/domain_governor.o
  LD      sound/core/snd-pcm.o
  LD      sound/core/snd-page-alloc.o
  CC      drivers/gpu/arm/t7xx/r15p0/platform/exynos/gpu_notifier.o
  LD      sound/core/snd-rawmidi.o
  CC      net/ipv4/arp.o
  LD      sound/core/snd-compress.o
  CC      drivers/base/pinctrl.o
  LD      sound/core/built-in.o
  CC      fs/xattr.o
  CC      lib/mpi/generic_mpih-lshift.o
  LD      drivers/dma/built-in.o
  CC      net/wireless/ap.o
  CC      drivers/i2c/i2c-core.o
  CC      crypto/ctr.o
  CC      drivers/base/power/clock_ops.o
  CC      mm/memblock.o
  CC      lib/mpi/generic_mpih-mul1.o
  LD      sound/soc/cirrus/built-in.o
  CC      drivers/iio/industrialio-core.o
  CC      drivers/base/regmap/regmap-i2c.o
  CC      drivers/gpu/arm/t7xx/r15p0/platform/exynos/gpu_exynos7580.o
  CC      net/ipv6/datagram.o
  CC      net/ipv4/icmp.o
  CC      mm/bounce.o
  LD      drivers/hwmon/built-in.o
  CC      drivers/hid/hid-picolcd_lcd.o
  CC      drivers/i2c/i2c-dev.o
  CC      drivers/gud/gud-exynos7580/MobiCoreDriver/pm.o
  LD      lib/lzo/lzo_compress.o
  CC      drivers/i2c/algos/i2c-algo-bit.o
  CC      lib/reed_solomon/reed_solomon.o
  LD      lib/lzo/lzo_decompress.o
  CC      drivers/input/input.o
  CC      net/wireless/trace.o
  CC      net/core/rtnetlink.o
  LD      lib/lzo/built-in.o
  CC      drivers/gpu/arm/t7xx/r15p0/mali_kbase_device.o
  CC      kernel/hrtimer.o
  LD      drivers/gpio/built-in.o
  CC      lib/xz/xz_dec_syms.o
  CC      sound/usb/midi.o
  CC      sound/soc/codecs/cod3022x.o
  CC      crypto/gcm.o
  CC      net/netfilter/nf_conntrack_proto_dccp.o
  CC      drivers/input/input-compat.o
  CC      lib/zlib_deflate/deflate.o
  CC      drivers/i2c/busses/i2c-exynos5.o
  CC      net/ipv4/devinet.o
  CC      lib/mpi/generic_mpih-mul2.o
  CC      net/xfrm/xfrm_replay.o
  CC      net/xfrm/xfrm_algo.o
  LD      lib/lz4/built-in.o
  CC      net/sched/em_u32.o
  CC      drivers/input/serio/serio.o
  CC      mm/page_io.o
  LD      drivers/i2c/muxes/built-in.o
  CC      net/ipv6/ip6_flowlabel.o
  CC      drivers/base/regmap/regmap-spi.o
  CC      drivers/i2c/busses/i2c-gpio.o
  CC      crypto/cryptd.o
  CC      drivers/iommu/iommu.o
  CC      net/wireless/wext-compat.o
  CC      drivers/gud/gud-exynos7580/MobiCoreDriver/main.o
  CC      lib/xz/xz_dec_stream.o
  CC      fs/libfs.o
  CC      drivers/input/input-mt.o
  CC      drivers/gpu/arm/t7xx/r15p0/mali_kbase_cache_policy.o
  CC      kernel/rwsem.o
  LD      sound/usb/6fire/built-in.o
  CC      drivers/irqchip/irqchip.o
  CC      lib/zlib_deflate/deftree.o
  LD      net/sched/built-in.o
  CC      mm/swap_state.o
  CC      drivers/hid/hid-picolcd_leds.o
  CC      crypto/des_generic.o
  CC      drivers/iommu/of_iommu.o
  CC      net/netfilter/nf_conntrack_proto_gre.o
  LD      lib/reed_solomon/built-in.o
  LD      sound/soc/davinci/built-in.o
  CC      drivers/input/serio/libps2.o
  CC      net/xfrm/xfrm_user.o
  CC      drivers/gpu/arm/t7xx/r15p0/mali_kbase_mem.o
  CC      drivers/iommu/exynos-iovmm-v6.o
  CC      net/ipv6/inet6_connection_sock.o
  CC      drivers/base/regmap/regmap-irq.o
  CC      lib/xz/xz_dec_lzma2.o
  CC      lib/mpi/generic_mpih-mul3.o
  CC      drivers/iio/industrialio-event.o
  CC      drivers/gud/gud-exynos7580/MobiCoreKernelApi/main.o
  CC      mm/swapfile.o
  CC      net/ipv4/af_inet.o
  CC      net/xfrm/xfrm_ipcomp.o
  CC      lib/mpi/generic_mpih-rshift.o
  LD      drivers/base/power/built-in.o
  CC      drivers/irqchip/irq-gic.o
  CC      drivers/iio/inkern.o
  CC      net/wireless/wext-sme.o
  CC      lib/mpi/generic_mpih-sub1.o
  CC      drivers/i2c/busses/i2c-s3c2410.o
  CC      drivers/leds/led-core.o
  CC      lib/zlib_deflate/deflate_syms.o
  CC      drivers/input/ff-core.o
  CC      crypto/twofish_generic.o
  LD      sound/usb/caiaq/built-in.o
  LD      drivers/lguest/built-in.o
  CC      drivers/iio/industrialio-buffer.o
  CC      mm/frontswap.o
  CC      kernel/nsproxy.o
  CC      drivers/gpu/arm/t7xx/r15p0/mali_kbase_mmu.o
  CC      lib/mpi/generic_mpih-add1.o
  CC      drivers/leds/led-class.o
  CC      fs/fs-writeback.o
  LD      drivers/i2c/algos/built-in.o
  CC      drivers/input/ff-memless.o
  CC      net/wireless/wext-core.o
  CC      drivers/hid/hid-picolcd_debugfs.o
  CC      net/ipv4/igmp.o
  CC      net/ipv6/sysctl_net_ipv6.o
  CC      drivers/gpu/arm/t7xx/r15p0/platform/exynos/gpu_control.o
  CC      net/netfilter/nf_conntrack_proto_sctp.o
  CC      drivers/gud/gud-exynos7580/MobiCoreKernelApi/clientlib.o
  CC      drivers/gpu/arm/t7xx/r15p0/mali_kbase_ipa.o
  CC      drivers/iommu/exynos-iommu-v6.o
  CC      net/core/utils.o
  LD      sound/usb/misc/built-in.o
  CC      net/ipv4/fib_frontend.o
  CC      sound/soc/codecs/dummy_codec.o
  CC      drivers/gud/gud-exynos7580/MobiCoreKernelApi/device.o
  CC      drivers/gpu/arm/t7xx/r15p0/mali_kbase_jd.o
  CC      lib/zlib_inflate/inffast.o
  CC      kernel/srcu.o
  CC      drivers/iio/industrialio-trigger.o
  CC      lib/textsearch.o
  CC      drivers/input/mousedev.o
  LD      lib/zlib_deflate/zlib_deflate.o
  LD      drivers/macintosh/built-in.o
  LD      lib/zlib_deflate/built-in.o
  CC      drivers/gpu/arm/t7xx/r15p0/mali_kbase_jd_debugfs.o
  CC      lib/mpi/mpicoder.o
  LD      drivers/base/regmap/built-in.o
  LD      sound/soc/dwc/built-in.o
  CC      crypto/twofish_common.o
  LD      sound/usb/usx2y/built-in.o
  LD      drivers/base/built-in.o
  CC      drivers/gpu/arm/t7xx/r15p0/mali_kbase_jm.o
  CC      drivers/iio/alarm.o
  CC      drivers/leds/leds-s2mu003.o
  CC      net/core/link_watch.o
  CC      net/ipv6/xfrm6_policy.o
  LD      drivers/irqchip/built-in.o
  CC      drivers/gud/gud-exynos7580/MobiCoreKernelApi/session.o
  LD      lib/xz/xz_dec.o
  CC      kernel/semaphore.o
  CC      drivers/iio/kfifo_buf.o
  CC      drivers/gpu/arm/t7xx/r15p0/platform/exynos/gpu_pmqos.o
  LD      sound/soc/fsl/built-in.o
  LD      lib/xz/built-in.o
  CC      crypto/aes_generic.o
  CC      lib/zlib_inflate/inflate.o
  CC      drivers/hid/hid-wiimote-core.o
  CC      drivers/iommu/exynos-iommu-log.o
  LD      drivers/input/serio/built-in.o
  CC      sound/soc/codecs/s2801x.o
  CC      net/netfilter/nf_conntrack_proto_udplite.o
  CC      fs/pnode.o
  CC      net/wireless/wext-proc.o
  CC      drivers/input/evdev.o
  LD      sound/soc/generic/built-in.o
  CC      net/ipv6/xfrm6_state.o
  CC      net/core/filter.o
  CC      lib/mpi/mpi-bit.o
  CC      drivers/gpu/arm/t7xx/r15p0/mali_kbase_gpuprops.o
  LD      drivers/iio/accel/built-in.o
  CC      mm/zswap.o
  CC      net/ipv4/fib_semantics.o
  CC      fs/splice.o
  CC      lib/zlib_inflate/infutil.o
  CC      drivers/input/keyboard/abov_touchkey_ft1804.o
  CC      sound/soc/codecs/dbmd2/dbmd2.o
  LD      sound/usb/snd-usb-audio.o
  LD      sound/usb/snd-usbmidi-lib.o
  CC      drivers/leds/leds-ktd2026.o
  CC      drivers/md/dm.o
  LD      sound/usb/built-in.o
  CC      drivers/input/keyboard/atkbd.o
  CC      drivers/md/dm-table.o
  CC      sound/soc/codecs/dbmd2/dbmd2-i2c.o
  CC      drivers/md/dm-target.o
  CC      drivers/iio/adc/exynos_adc.o
  CC      lib/ts_kmp.o
  CC      fs/sync.o
  CC      drivers/hid/hid-wiimote-ext.o
  CC      net/ipv6/xfrm6_input.o
  CC      kernel/notifier.o
  CC      lib/ts_bm.o
  CC      net/ipv6/xfrm6_output.o
  CC      sound/soc/codecs/dbmd2/dbmd2-uart.o
  CC      sound/soc/codecs/dbmd2/dbmd2-i2s.o
  CC      drivers/gud/gud-exynos7580/MobiCoreKernelApi/connection.o
  LD      drivers/i2c/busses/built-in.o
  CC      lib/ts_fsm.o
  LD      drivers/i2c/built-in.o
  LD      drivers/media/common/b2c2/built-in.o
  CC      net/ipv4/fib_trie.o
  CC      lib/percpu_counter.o
  LD      drivers/media/common/saa7146/built-in.o
  LD      sound/soc/kirkwood/built-in.o
  LD      sound/soc/jz4740/built-in.o
  CC      lib/mpi/mpi-cmp.o
  CC      drivers/gpu/arm/t7xx/r15p0/platform/exynos/gpu_utilization.o
  CC      kernel/ksysfs.o
  LD      sound/soc/mid-x86/built-in.o
  CC      fs/utimes.o
  CC      drivers/hid/hid-wiimote-debug.o
  LD      drivers/media/common/siano/built-in.o
  CC      drivers/input/keyboard/gpio_keys.o
  CC      net/ipv4/inet_fragment.o
  LD      drivers/iio/amplifiers/built-in.o
  CC      kernel/cred.o
  CC      lib/zlib_inflate/inftrees.o
  LD      drivers/media/common/built-in.o
  CC      drivers/gpu/arm/t7xx/r15p0/mali_kbase_js.o
  CC      fs/stack.o
  LD      sound/soc/mxs/built-in.o
  CC      kernel/async.o
  CC      lib/mpi/mpih-cmp.o
  LD      sound/soc/nuc900/built-in.o
  CC      net/ipv4/ping.o
  LD      drivers/media/firewire/built-in.o
  CC      net/ipv6/netfilter.o
  CC      fs/fs_struct.o
  CC      kernel/range.o
  CC      mm/dmapool.o
  LD      drivers/media/i2c/soc_camera/built-in.o
  LD      drivers/media/mmc/siano/built-in.o
  LD      drivers/media/i2c/built-in.o
  CC      net/netfilter/nf_conntrack_netlink.o
  LD      drivers/media/mmc/built-in.o
  CC      net/ipv4/ip_tunnel.o
  CC      mm/sparse.o
  CC      net/ipv6/fib6_rules.o
  LD      drivers/media/parport/built-in.o
  LD      sound/soc/pxa/built-in.o
  LD      sound/soc/omap/built-in.o
  CC      crypto/arc4.o
  CC      drivers/hid/hid-debug.o
  CC      lib/zlib_inflate/inflate_syms.o
  CC      net/ipv4/sysctl_net_ipv4.o
  LD      sound/soc/s6000/built-in.o
  LD      drivers/iio/adc/built-in.o
  CC      lib/mpi/mpih-div.o
  LD      drivers/media/platform/davinci/built-in.o
  LD      drivers/iio/common/hid-sensors/built-in.o
  LD      drivers/media/pci/b2c2/built-in.o
  CC      drivers/input/misc/gpio_event.o
  CC      kernel/groups.o
  CC      drivers/memory/exynos-mcomp.o
  CC      sound/soc/codecs/dbmd2/dbmd2-spi.o
  LD      drivers/iio/common/st_sensors/built-in.o
  CC      fs/statfs.o
  LD      drivers/media/pci/ddbridge/built-in.o
  CC      drivers/gpu/arm/t7xx/r15p0/platform/exynos/gpu_dvfs_handler.o
  CC      drivers/md/dm-linear.o
  CC      crypto/deflate.o
  LD      drivers/iio/common/built-in.o
  CC      drivers/md/dm-stripe.o
  LD      drivers/iio/dac/built-in.o
  CC      kernel/lglock.o
  LD      drivers/input/keyboard/built-in.o
  LD      drivers/media/pci/dm1105/built-in.o
  LD      drivers/leds/built-in.o
  CC      drivers/gpu/arm/t7xx/r15p0/mali_kbase_js_ctx_attr.o
  CC      crypto/crc32c.o
  CC      net/netfilter/nf_conntrack_amanda.o
  CC      drivers/gpu/arm/t7xx/r15p0/mali_kbase_event.o
  CC      net/core/sock_diag.o
  CC      drivers/hid/hid-core.o
  LD      drivers/media/radio/built-in.o
  LD      drivers/iio/frequency/built-in.o
  LD      sound/soc/sh/built-in.o
  CC      drivers/gpu/arm/t7xx/r15p0/platform/exynos/gpu_dvfs_api.o
  CC      net/netfilter/nf_conntrack_ftp.o
  LD      drivers/media/pci/mantis/built-in.o
  LD      drivers/iio/gyro/built-in.o
  CC      sound/soc/samsung/eax-dai.o
  CC      net/ipv4/sysfs_net_ipv4.o
  CC      drivers/md/dm-ioctl.o
  CC      mm/sparse-vmemmap.o
  CC      drivers/mfd/mfd-core.o
  LD      net/netfilter/nf_conntrack_h323.o
  LD      drivers/media/pci/ngene/built-in.o
  LD      drivers/gud/gud-exynos7580/mcKernelApi.o
  LD      drivers/media/rc/keymaps/built-in.o
  LD      drivers/iio/imu/inv_mpu6050/built-in.o
  CC      lib/mpi/mpih-mul.o
  CC      drivers/md/dm-io.o
  LD      drivers/gud/gud-exynos7580/mcDrvModule.o
  LD      drivers/iio/imu/inv_mpu6515/built-in.o
  LD      drivers/media/pci/pluto2/built-in.o
  CC      drivers/input/misc/gpio_matrix.o
  LD      drivers/media/rc/built-in.o
  LD      sound/soc/tegra/built-in.o
  LD      drivers/gud/gud-exynos7580/built-in.o
  CC      drivers/input/touchscreen/imagis_30xxc/ist30xxc.o
  LD      lib/zlib_inflate/zlib_inflate.o
  LD      drivers/iio/imu/built-in.o
  LD      drivers/media/pci/pt1/built-in.o
  CC      net/netfilter/nf_conntrack_irc.o
  LD      lib/zlib_inflate/built-in.o
  LD      drivers/gud/built-in.o
  CC      drivers/media/platform/exynos/jpeg_hx/jpeg_hx_dev.o
  CC      drivers/mfd/sec-core.o
  LD      drivers/memory/built-in.o
  LD      drivers/iio/inv_test/built-in.o
  LD      drivers/media/pci/saa7146/built-in.o
  CC      lib/mpi/mpi-pow.o
  CC      drivers/input/flip_cover.o
  CC      fs/buffer.o
  CC      mm/slub.o
  CC      kernel/smpboot.o
  LD      drivers/iio/light/built-in.o
  CC      kernel/cpu/idle.o
  LD      drivers/media/pci/ttpci/built-in.o
  LD      drivers/iommu/built-in.o
  CC      drivers/mmc/card/block.o
  CC      drivers/media/platform/exynos/fimc-is2/fimc-is-core.o
  CC      drivers/media/platform/exynos/mdev/exynos-mdev.o
  CC      drivers/input/misc/gpio_input.o
  LD      drivers/media/pci/built-in.o
  CC      drivers/media/platform/exynos/jpeg_hx/jpeg_hx_dec.o
  CC      kernel/events/core.o
  CC      crypto/crc32.o
  CC      drivers/misc/bhy/bstclass.o
  LD      drivers/iio/magnetometer/yas537/built-in.o
  CC      drivers/input/touchscreen/imagis_30xxc/ist30xxc_misc.o
  CC      drivers/gpu/arm/t7xx/r15p0/mali_kbase_context.o
  LD      drivers/iio/magnetometer/built-in.o
  CC      lib/audit.o
  CC      net/netfilter/nf_conntrack_broadcast.o
  LD      drivers/iio/industrialio.o
  CC      net/core/dev_ioctl.o
  CC      net/ipv6/proc.o
  LD      sound/soc/txx9/built-in.o
  CC      drivers/media/platform/exynos/fimc-is2/fimc-is-debug.o
  CC      drivers/input/certify_hall.o
  LD      sound/soc/codecs/snd-soc-cod3022.o
  LD      drivers/iio/built-in.o
  CC      net/ipv6/ah6.o
  CC      mm/migrate.o
  CC      drivers/input/misc/gpio_output.o
  CC      crypto/authenc.o
  CC      lib/mpi/mpiutil.o
  CC      drivers/misc/bhy/bhy_core.o
  CC      drivers/media/platform/exynos/jpeg_hx/jpeg_hx_enc.o
  CC      net/core/flow.o
  CC      drivers/mmc/card/queue.o
  CC      drivers/media/platform/exynos/mfc/s5p_mfc.o
  LD      net/xfrm/built-in.o
  CC      drivers/gpu/arm/t7xx/r15p0/platform/exynos/gpu_dvfs_governor.o
  CC      drivers/mfd/sec-irq.o
  CC      drivers/misc/bhy/bhy_i2c.o
  LD      drivers/media/platform/exynos/mdev/mdev.o
  CC      drivers/media/platform/exynos/scaler/scaler-core.o
  CC      drivers/motor/sec_vib.o
  LD      drivers/media/platform/exynos/mdev/built-in.o
  LD      sound/soc/ux500/built-in.o
  CC      mm/page_isolation.o
  LD      drivers/misc/carma/built-in.o
  LD      drivers/media/tuners/built-in.o
  CC      drivers/input/misc/gpio_axis.o
  CC      fs/bio.o
  CC      sound/soc/samsung/eax-dma.o
  CC      sound/soc/codecs/dbmd2/dbmd2-customer.o
  CC      net/core/net-sysfs.o
  CC      net/ipv6/esp6.o
  CC      kernel/irq/irqdesc.o
  CC      drivers/gpu/arm/t7xx/r15p0/platform/exynos/gpu_perf.o
  LD      sound/soc/snd-soc-core.o
  CC      drivers/mmc/core/core.o
  CC      kernel/irq/handle.o
  CC      drivers/media/platform/exynos/jpeg_hx/jpeg_hx_regs.o
  CC      drivers/media/platform/exynos/fimc-is2/fimc-is-mem.o
  CC      sound/soc/samsung/exynos_regmap_fw.o
  CC      mm/zpool.o
  LD      sound/soc/codecs/snd-soc-s2801x.o
  CC      drivers/media/platform/exynos/fimc-is2/fimc-is-framemgr.o
  CC      drivers/mfd/s2mu003_core.o
  LD      lib/mpi/mpi.o
  CC      drivers/gpu/arm/t7xx/r15p0/mali_kbase_pm.o
  CC      net/ipv6/ipcomp6.o
  CC      drivers/gpu/arm/t7xx/r15p0/platform/exynos/gpu_balance.o
  CC      kernel/events/ring_buffer.o
  LD      lib/mpi/built-in.o
  CC      lib/swiotlb.o
  LD      kernel/cpu/built-in.o
  CC      sound/soc/codecs/dbmd2/dbmd2-cdev.o
  CC      drivers/mmc/host/dw_mmc.o
  CC      kernel/irq/manage.o
  LD      sound/soc/codecs/snd-soc-dummy.o
  CC      drivers/gpu/arm/t7xx/r15p0/mali_kbase_config.o
  CC      net/netfilter/nf_conntrack_netbios_ns.o
  CC      kernel/events/callchain.o
  CC      sound/soc/codecs/dbmd2/dbmd2-event.o
  CC      drivers/gpu/arm/t7xx/r15p0/platform/exynos/gpu_custom_interface.o
  CC      drivers/md/dm-kcopyd.o
  CC      net/core/net-procfs.o
  CC      fs/block_dev.o
  CC      net/ipv4/proc.o
  CC      drivers/hid/hid-input.o
  CC      drivers/mfd/s2mu003_irq.o
  LD      drivers/motor/built-in.o
  CC      drivers/mmc/core/bus.o
  CC      drivers/input/misc/uinput.o
  CC      drivers/mmc/host/dw_mmc-pltfm.o
  CC      fs/direct-io.o
  CC      crypto/authencesn.o
  CC      mm/zsmalloc.o
  CC      mm/early_ioremap.o
  CC      fs/mpage.o
  CC      drivers/mmc/host/dw_mmc-exynos.o
  CC      drivers/input/touchscreen/imagis_30xxc/ist30xxc_sys.o
  LD      drivers/media/usb/b2c2/built-in.o
  CC      kernel/events/hw_breakpoint.o
  LD      drivers/misc/cb710/built-in.o
  CC      drivers/md/dm-sysfs.o
  CC      fs/ioprio.o
  LD      drivers/media/usb/dvb-usb/built-in.o
  CC      sound/soc/samsung/i2s.o
  CC      fs/proc_namespace.o
  LD      drivers/media/usb/dvb-usb-v2/built-in.o
  CC      net/core/fib_rules.o
  LD      drivers/media/usb/s2255/built-in.o
  CC      drivers/md/dm-builtin.o
  CC      drivers/mmc/host/fmp_derive_iv.o
  LD      drivers/media/usb/siano/built-in.o
  CC      net/core/net-traces.o
  LD      drivers/media/usb/stkwebcam/built-in.o
  CC      kernel/irq/spurious.o
  LD      drivers/media/usb/ttusb-budget/built-in.o
  CC      net/netfilter/nf_conntrack_pptp.o
  CC      drivers/md/dm-bufio.o
  LD      drivers/media/usb/ttusb-dec/built-in.o
  CC      crypto/lzo.o
  LD      drivers/media/usb/zr364xx/built-in.o
  CC      net/netfilter/nf_conntrack_sane.o
  CC      drivers/media/platform/exynos/jpeg_hx/jpeg_hx_mem.o
  CC      drivers/input/touchscreen/imagis_30xxc/ist30xxc_update.o
  LD      drivers/media/usb/built-in.o
  CC      kernel/irq/resend.o
  LD      drivers/misc/eeprom/built-in.o
  CC      drivers/hid/hidraw.o
  CC      drivers/media/platform/exynos/scaler/scaler-regs.o
  CC      fs/configfs/inode.o
  CC      drivers/media/v4l2-core/v4l2-dev.o
  CC      drivers/gpu/arm/t7xx/r15p0/mali_kbase_vinstr.o
  CC      net/netfilter/nf_conntrack_tftp.o
  CC      fs/configfs/file.o
  CC      drivers/media/platform/exynos/mfc/s5p_mfc_intr.o
  CC      fs/cramfs/inode.o
  CC      crypto/rng.o
  CC      kernel/power/qos.o
  CC      lib/iommu-helper.o
  CC      drivers/hid/uhid.o
  CC      fs/cramfs/uncompress.o
  CC      drivers/media/platform/exynos/fimc-is2/fimc-is-groupmgr.o
  CC      drivers/mmc/core/host.o
  CC      net/ipv6/xfrm6_tunnel.o
  LD      drivers/mfd/built-in.o
  CC      kernel/irq/chip.o
  LD      net/netfilter/nf_nat.o
  CC      drivers/hid/hid-generic.o
  CC      drivers/media/platform/exynos/fimc-is2/fimc-is-resourcemgr.o
  CC      net/netfilter/nf_nat_proto_dccp.o
  LD      drivers/input/misc/built-in.o
  CC      drivers/media/v4l2-core/v4l2-ioctl.o
  CC      sound/soc/samsung/lpass.o
  CC      drivers/gpu/arm/t7xx/r15p0/mali_kbase_softjobs.o
  CC      drivers/muic/muic-core.o
  CC      kernel/time/timekeeping.o
  CC      sound/soc/samsung/dma.o
  CC      kernel/sched/core.o
  CC      drivers/mmc/core/mmc.o
  CC      kernel/time/ntp.o
  CC      lib/syscall.o
  CC      kernel/power/main.o
  CC      drivers/muic/muic_notifier.o
  CC      fs/debugfs/inode.o
  CC      drivers/mmc/core/mmc_ops.o
  CC      kernel/irq/dummychip.o
  CC      kernel/sched/clock.o
  LD      drivers/mmc/card/mmc_block.o
  CC      fs/debugfs/file.o
  CC      drivers/hid/hid-a4tech.o
  CC      kernel/irq/devres.o
  CC      net/ipv4/fib_rules.o
  LD      drivers/mmc/card/built-in.o
  CC      crypto/krng.o
  CC      drivers/gpu/arm/t7xx/r15p0/mali_kbase_10969_workaround.o
  LD      drivers/media/platform/exynos/jpeg_hx/jpeg_hx.o
  LD      drivers/media/platform/exynos/jpeg_hx/built-in.o
  CC      lib/nlattr.o
  CC      kernel/time/clocksource.o
  CC      kernel/power/process.o
  CC      drivers/net/mii.o
  LD      sound/soc/codecs/dbmd2/built-in.o
  CC      kernel/irq/generic-chip.o
  CC      drivers/input/touchscreen/imagis_30xxc/ist30xxc_tracking.o
  LD      mm/built-in.o
  LD      sound/soc/codecs/built-in.o
  CC      crypto/ansi_cprng.o
  CC      drivers/media/platform/exynos/mfc/s5p_mfc_dec.o
  LD      kernel/events/built-in.o
  CC      drivers/md/dm-crypt.o
  CC      net/ipv4/ah4.o
  CC      crypto/ghash-generic.o
  CC      fs/configfs/dir.o
  CC      kernel/sched/cputime.o
  CC      net/ipv4/esp4.o
  CC      drivers/mmc/core/sd.o
  CC      drivers/media/media-device.o
  CC      fs/devpts/inode.o
  CC      drivers/media/v4l2-core/v4l2-device.o
  CC      crypto/asymmetric_keys/asymmetric_type.o
  CC      drivers/nfc/sec_nfc.o
  CC      drivers/gpu/arm/t7xx/r15p0/mali_kbase_hw.o
  CC      drivers/muic/universal/muic_task.o
  CC      kernel/sched/idle_task.o
  CC      drivers/input/touchscreen/imagis_30xxc/ist30xxc_sec.o
  CC      net/ipv4/ipcomp.o
  CC      drivers/mmc/core/sd_ops.o
  CC      drivers/net/Space.o
  CC      kernel/irq/autoprobe.o
  CC      drivers/mmc/core/sdio.o
  CC      kernel/trace/trace_clock.o
  CC      drivers/mmc/core/sdio_ops.o
  CC      drivers/md/dm-verity.o
  CC      lib/checksum.o
  CC      drivers/hid/hid-axff.o
  CC      fs/ecryptfs/dentry.o
  CC      drivers/media/v4l2-core/v4l2-fh.o
  LD      drivers/misc/lis3lv02d/built-in.o
  CC      drivers/misc/mcu/mcu_ipc.o
  CC      sound/soc/samsung/universal7580-cod3022x.o
  CC      net/netfilter/nf_nat_proto_udplite.o
  CC      drivers/of/base.o
  CC      drivers/media/platform/exynos/fimc-is2/fimc-is-video.o
  CC      kernel/irq/irqdomain.o
  CC      drivers/media/platform/exynos/mfc/s5p_mfc_enc.o
  CC      lib/atomic64_test.o
  CC      kernel/sched/fair.o
  CC      net/ipv6/tunnel6.o
  LD      fs/cramfs/cramfs.o
  LD      net/core/built-in.o
  LD      fs/cramfs/built-in.o
  CC      drivers/media/media-devnode.o
  CC      drivers/input/touchscreen/imagis_30xxc/ist30xxc_cmcs.o
  CC      drivers/hid/hid-apple.o
  CC      crypto/asymmetric_keys/signature.o
  CC      net/ipv4/xfrm4_tunnel.o
  CC      fs/configfs/symlink.o
  CC      kernel/power/suspend.o
  LD      fs/exofs/built-in.o
  CC      drivers/media/media-entity.o
  CC      sound/soc/samsung/lpass-exynos7580.o
  CC      drivers/muic/universal/muic_state.o
  CC      drivers/misc/modem_v1/modem_main.o
  LD      fs/debugfs/debugfs.o
  CC      drivers/media/v4l2-core/v4l2-event.o
  LD      fs/debugfs/built-in.o
  CC      drivers/net/loopback.o
  LD      drivers/media/platform/exynos/scaler/scaler.o
  CC      drivers/media/platform/exynos/fimc-is2/fimc-is-video-sensor.o
  LD      drivers/media/platform/exynos/scaler/built-in.o
  LD      drivers/nfc/built-in.o
  CC      drivers/muic/universal/muic_apis.o
  ASN.1   crypto/asymmetric_keys/x509-asn1.c
  CC      drivers/of/fdt.o
Extracted 200 tokens
Extracted 14 types
Extracted 11 actions
Pass 1
Pass 2
  CC      kernel/time/jiffies.o
  CC      kernel/power/autosleep.o
  CC      kernel/trace/ring_buffer.o
  CC      drivers/muic/universal/muic_sysfs.o
  CC      net/ipv4/xfrm4_mode_beet.o
  CC      kernel/freezer.o
  CC      drivers/misc/mcu/shm_ipc.o
  CC      kernel/power/wakelock.o
  CC      kernel/time/timer_list.o
  CC      fs/ecryptfs/file.o
  CC      lib/cpu_rmap.o
  CC      drivers/misc/modem_v1/modem_variation.o
  LD      fs/devpts/devpts.o
  CC      kernel/irq/proc.o
  LD      fs/devpts/built-in.o
  CC      drivers/media/m2m1shot.o
  CC      drivers/media/platform/exynos/fimc-is2/fimc-is-video-3aa.o
  CC      net/ipv6/xfrm6_mode_transport.o
  CC      net/netfilter/nf_nat_proto_sctp.o
  CC      drivers/media/platform/exynos/mfc/s5p_mfc_ctrl.o
  CC      kernel/trace/trace.o
  CC      drivers/pinctrl/core.o
  CC      kernel/sched/rt.o
  CC      net/ipv4/tunnel4.o
  LD      drivers/misc/bhy/built-in.o
  LD      drivers/platform/built-in.o
  CC      drivers/mmc/core/sdio_bus.o
  CC      drivers/media/platform/exynos/mfc/s5p_mfc_inst.o
  CC      fs/configfs/mount.o
  CC      drivers/misc/modem_v1/modem_io_device.o
  CC      lib/dynamic_queue_limits.o
  CC      drivers/media/m2m1shot-helper.o
  ASN.1   crypto/asymmetric_keys/x509_rsakey-asn1.c
Extracted 16 tokens
Extracted 1 types
Extracted 1 actions
Pass 1
Pass 2
  CC      net/netfilter/nf_nat_amanda.o
  CC      crypto/asymmetric_keys/x509_public_key.o
  CC      net/ipv6/xfrm6_mode_tunnel.o
  CC      crypto/ablk_helper.o
  CC      kernel/time/timeconv.o
  CC      net/netfilter/nf_nat_ftp.o
  LD      drivers/misc/mcu/built-in.o
  CC      net/netfilter/nf_nat_irc.o
  CC      fs/f2fs/dir.o
  LD      drivers/net/ethernet/8390/built-in.o
  LD      drivers/net/ethernet/broadcom/built-in.o
  CC      drivers/gpu/arm/t7xx/r15p0/mali_kbase_utility.o
  CC      kernel/trace/trace_output.o
  CC      net/netfilter/nf_nat_tftp.o
  CC      net/ipv4/xfrm4_mode_transport.o
  CC      fs/ext4/balloc.o
  LD      drivers/net/ethernet/cadence/built-in.o
  CC      kernel/trace/trace_stat.o
  CC      drivers/muic/universal/muic_debug.o
  CC      drivers/media/v4l2-core/v4l2-ctrls.o
  CC      kernel/power/poweroff.o
  CC      fs/ext4/bitmap.o
  LD      drivers/net/ethernet/i825xx/built-in.o
  CC      drivers/hid/hid-belkin.o
  LD      sound/soc/samsung/snd-soc-s3c24xx.o
  LD      drivers/net/ethernet/intel/built-in.o
  CC      fs/f2fs/file.o
  CC      drivers/power/power_supply_core.o
  LD      crypto/crypto.o
  CC      fs/f2fs/inode.o
  CC      fs/ext4/dir.o
  LD      sound/soc/samsung/snd-soc-i2s.o
  CC      drivers/gpu/arm/t7xx/r15p0/mali_kbase_debug.o
  CC      drivers/pinctrl/pinctrl-utils.o
  LD      sound/soc/samsung/snd-soc-lpass.o
  LD      drivers/net/ethernet/marvell/built-in.o
  LD      sound/soc/samsung/snd-soc-eax-dai.o
  CC      lib/clz_tab.o
  CC      fs/ext4/file.o
  LD      sound/soc/samsung/snd-soc-eax-dma.o
  LD      drivers/net/ethernet/micrel/built-in.o
  CC      kernel/time/posix-clock.o
  CC      kernel/irq/pm.o
  CC      drivers/net/phy/phy.o
  LD      sound/soc/samsung/snd-soc-exynos-regmap-fw.o
  CC      drivers/of/address.o
  CC      kernel/power/wakeup_reason.o
  CC      fs/configfs/item.o
  LD      sound/soc/samsung/snd-soc-universal7580-cod3022x.o
  CC      kernel/time/alarmtimer.o
  CC      fs/ext4/fsync.o
  LD      sound/soc/samsung/built-in.o
  LD      drivers/net/ethernet/microchip/built-in.o
  CC      drivers/media/platform/exynos/fimc-is2/fimc-is-video-3aac.o
  CC      drivers/mmc/core/sdio_cis.o
  CC      net/ipv4/xfrm4_mode_tunnel.o
  CC      lib/strncpy_from_user.o
  LD      sound/soc/built-in.o
  LD      drivers/mmc/host/built-in.o
  LD      drivers/net/ethernet/natsemi/built-in.o
  CC      fs/ecryptfs/inode.o
  CC      drivers/mmc/core/sdio_io.o
  CC      lib/strnlen_user.o
  CC      fs/f2fs/namei.o
  LD      drivers/net/ethernet/seeq/built-in.o
  LD      crypto/crypto_algapi.o
  LD      drivers/input/input-core.o
  LD      drivers/net/ethernet/smsc/built-in.o
  CC      drivers/misc/modem_v1/modem_utils.o
  CC      drivers/pinctrl/pinmux.o
  CC      net/netfilter/nf_tproxy_core.o
  CC      kernel/profile.o
  LD      sound/built-in.o
  CC      lib/asn1_decoder.o
  CC      drivers/muic/universal/muic_dt.o
  LD      drivers/net/ethernet/stmicro/built-in.o
  LD      kernel/irq/built-in.o
  CC      kernel/stacktrace.o
  CC      drivers/misc/modem_v1/link_device_shmem.o
  CC      drivers/media/platform/exynos/mfc/s5p_mfc_mem.o
  LD      drivers/net/ethernet/wiznet/built-in.o
  CC      crypto/asymmetric_keys/public_key.o
  CC      drivers/hid/hid-cherry.o
  CC      drivers/muic/universal/muic_i2c.o
  CC      drivers/net/phy/phy_device.o
  LD      drivers/net/ethernet/built-in.o
  CC      drivers/md/dm-dirty.o
  CC      fs/ext4/ialloc.o
  CC      drivers/pwm/core.o
  CC      kernel/trace/trace_printk.o
  CC      fs/ecryptfs/main.o
  CC      drivers/net/ppp/ppp_generic.o
  CC      drivers/regulator/dummy.o
  CC      drivers/regulator/core.o
  CC      drivers/regulator/fixed-helper.o
  CC      net/ipv4/ipconfig.o
  CC      kernel/trace/trace_sched_switch.o
  CC      crypto/asymmetric_keys/rsa.o
  CC      fs/fuse/dev.o
  LD      drivers/media/media.o
  CC      drivers/hid/hid-chicony.o
  CC      kernel/sched/stop_task.o
  LD      drivers/input/touchscreen/imagis_30xxc/built-in.o
  CC      drivers/power/power_supply_sysfs.o
  CC      drivers/of/irq.o
  LD      drivers/input/touchscreen/built-in.o
  CC      drivers/pinctrl/pinconf.o
  CC      drivers/hid/hid-cypress.o
  CC      kernel/trace/trace_nop.o
  LD      kernel/power/built-in.o
  LD      drivers/input/built-in.o
  CC      drivers/pwm/pwm-samsung.o
  CC      drivers/net/ppp/bsd_comp.o
  GEN     lib/oid_registry_data.c
  CC      net/ipv6/xfrm6_mode_beet.o
Compiling 49 OIDs
  CC      lib/argv_split.o
  LD      fs/configfs/configfs.o
  CC      fs/ext4/inode.o
  LD      fs/configfs/built-in.o
  CC      fs/ext4/page-io.o
  CC      drivers/media/platform/exynos/fimc-is2/fimc-is-video-3aap.o
  CC      drivers/media/platform/exynos/mfc/s5p_mfc_reg.o
  CC      drivers/net/ppp/ppp_deflate.o
  CC      net/ipv6/mip6.o
  CC      drivers/rtc/rtc-lib.o
  CC      kernel/trace/blktrace.o
  CC      drivers/gpu/arm/t7xx/r15p0/mali_kbase_trace_timeline.o
  CC      lib/bug.o
  CC      kernel/sched/cpupri.o
  CC      drivers/regulator/of_regulator.o
  CC      drivers/rtc/hctosys.o
  CC      crypto/asymmetric_keys/x509-asn1.o
  CC      drivers/muic/universal/muic_regmap.o
  CC      fs/f2fs/hash.o
  CC      drivers/hid/hid-dr.o
  CC      net/ipv6/netfilter/ip6_tables.o
  CC      drivers/net/slip/slhc.o
  CC      fs/fuse/dir.o
  CC      drivers/of/device.o
  CC      crypto/asymmetric_keys/x509_rsakey-asn1.o
  CC      drivers/mmc/core/sdio_irq.o
  CC      drivers/media/v4l2-core/v4l2-subdev.o
  CC      drivers/rtc/systohc.o
  CC      fs/ecryptfs/super.o
  LD      drivers/power/reset/built-in.o
  CC      drivers/muic/universal/muic_vps.o
  CC      drivers/media/v4l2-core/v4l2-compat-ioctl32.o
  LD      drivers/power/power_supply.o
  CC      crypto/asymmetric_keys/x509_cert_parser.o
  CC      net/ipv4/netfilter.o
  CC      fs/f2fs/super.o
  LD      drivers/power/built-in.o
  CC      drivers/of/platform.o
  CC      drivers/regulator/fixed.o
  CC      net/ipv6/netfilter/ip6table_filter.o
  CC      drivers/mmc/core/quirks.o
  CC      kernel/sched/stats.o
  CC      net/netfilter/x_tables.o
  CC      drivers/of/of_i2c.o
  LD      drivers/md/dm-mod.o
  CC      drivers/net/phy/mdio_bus.o
  CC      lib/cmdline.o
  LD      drivers/md/built-in.o
  CC      fs/fuse/file.o
  CC      kernel/time/clockevents.o
  CC      net/netfilter/xt_tcpudp.o
  CC      drivers/muic/universal/muic_regmap_sm5504.o
  CC      fs/ext4/ioctl.o
  LD      drivers/misc/ti-st/built-in.o
  LD      drivers/net/slip/built-in.o
  CC      drivers/gpu/arm/t7xx/r15p0/mali_kbase_gpu_memory_debugfs.o
  CC      drivers/net/usb/pegasus.o
  CC      net/ipv6/sit.o
  LD      drivers/pwm/built-in.o
  CC      kernel/trace/trace_events.o
  CC      drivers/mmc/core/slot-gpio.o
  CC      drivers/hid/hid-emsff.o
  CC      net/ipv4/netfilter/nf_conntrack_l3proto_ipv4_compat.o
  CC      drivers/media/platform/exynos/mfc/s5p_mfc_pm.o
  CC      kernel/sched/debug.o
  CC      drivers/media/platform/exynos/fimc-is2/fimc-is-video-isp.o
  CC      net/ipv6/netfilter/ip6table_mangle.o
  CC      lib/cpumask.o
  CC      drivers/pinctrl/devicetree.o
  CC      fs/f2fs/inline.o
  CC      net/netfilter/xt_mark.o
  CC      drivers/rtc/class.o
  CC      kernel/time/tick-common.o
  LD      crypto/asymmetric_keys/asymmetric_keys.o
  LD      crypto/asymmetric_keys/x509_key_parser.o
  CC      net/ipv4/inet_diag.o
  LD      crypto/asymmetric_keys/built-in.o
  CC      fs/jbd2/transaction.o
  LD      crypto/built-in.o
  CC      fs/f2fs/checkpoint.o
  CC      fs/ecryptfs/mmap.o
  CC      net/ipv6/netfilter/ip6table_raw.o
  CC      drivers/gpu/arm/t7xx/r15p0/mali_kbase_mem_linux.o
  CC      drivers/media/platform/exynos/mfc/s5p_mfc_qos.o
  CC      fs/fuse/inode.o
  CC      fs/ecryptfs/read_write.o
  CC      net/ipv6/netfilter/ip6table_nat.o
  CC      drivers/gpu/arm/t7xx/r15p0/mali_kbase_core_linux.o
  CC      drivers/regulator/gpio-regulator.o
  CC      drivers/media/platform/exynos/fimc-is2/fimc-is-video-ispc.o
  CC      drivers/misc/tzic64.o
  CC      drivers/rtc/interface.o
  CC      kernel/sched/cpuacct.o
  CC      drivers/pinctrl/pinctrl-samsung.o
  CC      drivers/media/platform/exynos/mfc/s5p_mfc_opr_v6.o
  CC      drivers/misc/dmverity_query.o
  CC      lib/ctype.o
  CC      drivers/media/platform/exynos/mfc/s5p_mfc_cmd_v6.o
  CC      drivers/rtc/rtc-dev.o
  CC      fs/ext4/namei.o
  CC      drivers/mmc/core/debugfs.o
  CC      drivers/of/of_net.o
  CC      fs/ecryptfs/crypto.o
  LD      drivers/net/phy/libphy.o
  CC      lib/dec_and_lock.o
  CC      drivers/gpu/arm/t7xx/r15p0/mali_kbase_sync.o
  LD      drivers/net/phy/built-in.o
  CC      lib/decompress.o
  CC      drivers/media/platform/exynos/fimc-is2/fimc-is-video-ispp.o
  CC      drivers/net/ppp/ppp_mppe.o
  CC      kernel/time/sched_clock.o
  CC      drivers/media/platform/exynos/fimc-is2/fimc-is-video-dis.o
  CC      fs/jbd2/commit.o
  CC      net/ipv6/ip6_tunnel.o
  LD      drivers/muic/universal/built-in.o
  CC      drivers/hid/hid-elecom.o
  CC      drivers/net/tun.o
  LD      drivers/muic/built-in.o
  CC      net/ipv4/tcp_diag.o
  CC      lib/decompress_bunzip2.o
  CC      drivers/media/platform/exynos/fimc-is2/fimc-is-video-scc.o
  CC      drivers/misc/modem_v1/link_device_memory_snapshot.o
  CC      drivers/misc/modem_v1/link_device_memory_flow_control.o
  CC      kernel/time/tick-oneshot.o
  CC      kernel/futex.o
  CC      drivers/net/usb/asix_devices.o
  CC      net/netfilter/xt_connmark.o
  CC      net/ipv6/addrconf_core.o
  CC      kernel/time/tick-sched.o
  CC      net/ipv4/tcp_bic.o
  CC      fs/jbd2/recovery.o
  CC      drivers/net/wireless/bcmdhd_1_77_nn/dhd_pno.o
  CC      net/ipv4/tcp_cubic.o
  LD      net/wireless/cfg80211.o
  CC      drivers/media/v4l2-core/v4l2-of.o
  CC      lib/decompress_inflate.o
  LD      drivers/mmc/core/mmc_core.o
  CC      net/ipv4/netfilter/nf_conntrack_l3proto_ipv4.o
  CC      drivers/pinctrl/pinctrl-exynos.o
  CC      drivers/of/of_mdio.o
  CC      drivers/of/of_reserved_mem.o
  CC      net/netfilter/xt_nat.o
  LD      drivers/mmc/core/built-in.o
  CC      net/ipv6/netfilter/nf_conntrack_l3proto_ipv6.o
  LD      drivers/mmc/built-in.o
  LD      net/wireless/built-in.o
  CC      drivers/net/wireless/bcmdhd_1_77_nn/dhd_custom_exynos.o
  CC      drivers/hid/hid-ezkey.o
  CC      fs/ecryptfs/keystore.o
  CC      net/ipv4/tcp_westwood.o
  CC      kernel/trace/trace_export.o
  CC      fs/nls/nls_base.o
  CC      drivers/scsi/scsi.o
  CC      fs/jbd2/checkpoint.o
  CC      drivers/misc/uid_sys_stats.o
  CC      drivers/regulator/s2mu003-regulator.o
  CC      net/ipv6/exthdrs_core.o
  CC      drivers/gpu/arm/t7xx/r15p0/mali_kbase_sync_user.o
  CC      drivers/misc/modem_v1/link_device_memory_debug.o
  CC      drivers/pinctrl/secgpio_dvs.o
  CC      drivers/media/v4l2-core/v4l2-common.o
  CC      net/ipv4/netfilter/nf_conntrack_proto_icmp.o
  CC      kernel/futex_compat.o
  CC      drivers/net/ppp/pppox.o
  CC      drivers/gpu/arm/t7xx/r15p0/mali_kbase_replay.o
  CC      drivers/hid/hid-gyration.o
  CC      drivers/rtc/rtc-proc.o
  CC      lib/decompress_unlzma.o
  CC      fs/f2fs/gc.o
  CC      drivers/net/wireless/bcmdhd_1_77_nn/dhd_common.o
  CC      lib/decompress_unlzo.o
  CC      drivers/hid/hid-holtek-kbd.o
  CC      drivers/net/usb/asix_common.o
  CC      drivers/rtc/rtc-sysfs.o
  CC      fs/nls/nls_cp437.o
  CC      drivers/scsi/hosts.o
  CC      drivers/sensors/sensors_core.o
  CC      drivers/net/wireless/bcmdhd_1_77_nn/dhd_custom_memprealloc.o
  CC      fs/ecryptfs/kthread.o
  CC      kernel/trace/trace_event_perf.o
  CC      net/ipv6/netfilter/nf_conntrack_proto_icmpv6.o
  CC      fs/jbd2/revoke.o
  CC      net/ipv6/netfilter/nf_defrag_ipv6_hooks.o
  CC      fs/ecryptfs/debug.o
  CC      fs/nls/nls_iso8859-1.o
  CC      drivers/media/platform/exynos/fimc-is2/fimc-is-video-scp.o
  CC      net/ipv6/ip6_checksum.o
  CC      fs/ext4/super.o
  CC      drivers/misc/modem_v1/link_device_memory_sbd.o
  CC      drivers/rtc/rtc-sec.o
  CC      drivers/gpu/arm/t7xx/r15p0/mali_kbase_mem_profile_debugfs.o
  CC      fs/fuse/control.o
  CC      fs/notify/fsnotify.o
  CC      drivers/spi/spi.o
  CC      drivers/staging/staging.o
  LD      drivers/of/built-in.o
  CC      fs/fuse/cuse.o
  CC      fs/nls/nls_utf8.o
  CC      net/ipv6/ip6_icmp.o
  CC      fs/pstore/inode.o
  CC      net/ipv4/netfilter/nf_nat_l3proto_ipv4.o
  CC      drivers/hid/hid-holtekff.o
  CC      fs/f2fs/data.o
  LD      kernel/time/built-in.o
  CC      fs/notify/notification.o
  LD      kernel/sched/built-in.o
  CC      net/netfilter/xt_CLASSIFY.o
  CC      drivers/media/v4l2-core/v4l2-mem2mem.o
  CC      kernel/trace/trace_events_filter.o
  CC      lib/decompress_unxz.o
  CC      drivers/regulator/s2mpu03.o
  CC      fs/ext4/symlink.o
  LD      drivers/media/platform/exynos/mfc/s5p-mfc.o
  CC      drivers/sensors/tmd37xx.o
  CC      drivers/net/usb/ax88172a.o
  CC      drivers/gpu/arm/t7xx/r15p0/mali_kbase_mmu_mode_lpae.o
  CC      drivers/spi/spi-s3c64xx.o
  CC      fs/ramfs/inode.o
  CC      fs/quota/dquot.o
  CC      fs/jbd2/journal.o
  CC      drivers/staging/samsung/sec_notifier/vbus_notifier.o
  CC      fs/f2fs/node.o
  LD      fs/nls/built-in.o
  CC      fs/proc/task_mmu.o
  CC      drivers/hid/hid-kensington.o
  CC      net/ipv4/netfilter/nf_nat_proto_icmp.o
  CC      drivers/net/ppp/pppolac.o
  CC      fs/notify/group.o
  CC      net/netfilter/xt_CONNSECMARK.o
  CC      drivers/net/wireless/bcmdhd_1_77_nn/dhd_ip.o
  CC      net/ipv6/netfilter/nf_conntrack_reasm.o
  CC      net/ipv6/output_core.o
  CC      fs/f2fs/segment.o
  CC      drivers/staging/android/ion/ion.o
  CC      drivers/media/v4l2-core/videobuf2-core.o
  CC      drivers/scsi/scsi_ioctl.o
  CC      drivers/scsi/constants.o
  CC      drivers/staging/android/ion/ion_heap.o
  CC      fs/f2fs/recovery.o
  CC      drivers/media/v4l2-core/videobuf2-memops.o
  CC      drivers/staging/android/ion/ion_page_pool.o
  CC      drivers/sensors/yas_mag_drv-yas537.o
  CC      fs/quota/quota.o
  LD      drivers/pinctrl/built-in.o
  CC      drivers/misc/modem_v1/modem_notifier.o
  CC      fs/f2fs/shrinker.o
  CC      drivers/media/platform/exynos/fimc-is2/fimc-is-subdev-ctrl.o
  CC      kernel/trace/power-traces.o
  CC      fs/pstore/platform.o
  CC      drivers/hid/hid-keytouch.o
  CC      drivers/net/ppp/pppopns.o
  CC      drivers/staging/android/ashmem.o
  CC      drivers/gpu/arm/t7xx/r15p0/mali_kbase_mmu_mode_aarch64.o
  LD      drivers/staging/samsung/sec_notifier/built-in.o
  CC      drivers/scsi/scsicam.o
  CC      drivers/scsi/scsi_error.o
  CC      drivers/net/wireless/bcmdhd_1_77_nn/dhd_custom_gpio.o
  CC      drivers/scsi/scsi_lib.o
  CC      fs/sdcardfs/dentry.o
  CC      drivers/scsi/scsi_lib_dma.o
  CC      fs/proc/inode.o
  CC      lib/dump_stack.o
  CC      fs/sdcardfs/file.o
  CC      drivers/hid/hid-kye.o
  LD      drivers/spi/built-in.o
  CC      drivers/hid/hid-lcpower.o
  LD      drivers/hid/hid-logitech.o
  CC      drivers/media/v4l2-core/videobuf2-ion.o
  CC      fs/f2fs/extent_cache.o
  CC      drivers/media/platform/exynos/fimc-is2/fimc-is-device-csi.o
  CC      lib/earlycpio.o
  CC      drivers/switch/switch_class.o
  CC      fs/ext4/hash.o
  CC      fs/ramfs/file-mmu.o
  CC      fs/proc/root.o
  CC      fs/proc/base.o
  LD      fs/fuse/fuse.o
  CC      fs/notify/inode_mark.o
  CC      kernel/rtmutex.o
  CC      fs/proc/generic.o
  LD      fs/fuse/built-in.o
  LD      drivers/regulator/built-in.o
  CC      net/ipv6/netfilter/nf_nat_l3proto_ipv6.o
  CC      net/ipv4/netfilter/nf_defrag_ipv4.o
  CC      drivers/staging/android/timed_output.o
  CC      lib/extable.o
  CC      kernel/smp.o
  CC      fs/quota/kqid.o
  CC      drivers/sensors/yas_mag_kernel.o
  CC      net/ipv6/protocol.o
  LD      drivers/media/v4l2-core/videodev.o
  LD      fs/ecryptfs/ecryptfs.o
  CC      fs/pstore/ram.o
  LD      fs/ecryptfs/built-in.o
  CC      fs/ext4/resize.o
  CC      drivers/scsi/scsi_scan.o
  CC      net/ipv6/netfilter/nf_nat_proto_icmpv6.o
  CC      drivers/net/usb/ax88179_178a.o
  CC      net/netfilter/xt_CT.o
  CC      drivers/gpu/arm/t7xx/r15p0/mali_kbase_disjoint_events.o
  CC      fs/notify/mark.o
  CC      fs/proc/array.o
  CC      kernel/trace/rpm-traces.o
  CC      drivers/media/platform/exynos/fimc-is2/fimc-is-device-flite.o
  CC      drivers/net/wireless/bcmdhd_1_77_nn/dhd_custom_sec.o
  CC      fs/notify/vfsmount_mark.o
  LD      drivers/rtc/rtc-core.o
  CC      fs/sdfat/sdfat.o
  CC      fs/ext4/extents.o
  CC      drivers/net/usb/cdc_ether.o
  CC      drivers/hid/hid-logitech-dj.o
  LD      fs/ramfs/ramfs.o
  CC      drivers/misc/modem_v1/modem_ctrl_ss310ap.o
  LD      drivers/rtc/built-in.o
  CC      fs/pstore/ram_core.o
  CC      fs/sdfat/core.o
  LD      drivers/staging/media/built-in.o
  LD      fs/ramfs/built-in.o
  LD      drivers/staging/iio/accel/built-in.o
  CC      kernel/spinlock.o
  LD      drivers/switch/built-in.o
  CC      fs/f2fs/debug.o
  CC      fs/sdcardfs/inode.o
  CC      net/ipv4/netfilter/nf_nat_h323.o
  CC      fs/sysfs/inode.o
  CC      lib/flex_proportions.o
  LD      drivers/staging/iio/adc/built-in.o
  CC      drivers/media/platform/exynos/fimc-is2/fimc-is-device-sensor.o
  CC      fs/ext4/ext4_jbd2.o
  CC      net/ipv6/netfilter/ip6t_rpfilter.o
  LD      drivers/staging/iio/addac/built-in.o
  CC      drivers/hid/hid-magicmouse.o
  CC      fs/pstore/pmsg.o
  CC      drivers/thermal/exynos7580/thermal_core.o
  LD      drivers/staging/iio/cdc/built-in.o
  CC      fs/sdfat/core_fat.o
  CC      kernel/trace/gpu-traces.o
  CC      fs/ext4/migrate.o
  LD      drivers/staging/iio/frequency/built-in.o
  CC      fs/f2fs/xattr.o
  CC      drivers/staging/samsung/sec_batt.o
  CC      net/netfilter/xt_NETMAP.o
  CC      lib/idr.o
  CC      kernel/uid16.o
  LD      drivers/staging/iio/gyro/built-in.o
  CC      net/ipv4/netfilter/nf_nat_pptp.o
  LD      drivers/staging/iio/impedance-analyzer/built-in.o
  CC      drivers/trace/exynos-noc.o
  LD      drivers/staging/iio/light/built-in.o
  CC      fs/eventpoll.o
  CC      fs/notify/fdinfo.o
  LD      drivers/staging/iio/magnetometer/built-in.o
  CC      net/ipv6/netfilter/ip6t_MASQUERADE.o
  LD      drivers/net/ppp/built-in.o
  CC      drivers/net/usb/smsc75xx.o
  CC      drivers/staging/android/timed_gpio.o
  LD      drivers/staging/iio/meter/built-in.o
  LD      drivers/staging/iio/resolver/built-in.o
  CC      fs/proc/fd.o
  CC      drivers/scsi/scsi_sysfs.o
  LD      drivers/staging/iio/trigger/built-in.o
  CC      net/ipv6/netfilter/ip6t_REJECT.o
  CC      drivers/tty/tty_io.o
  CC      fs/sysfs/file.o
  LD      drivers/sensors/built-in.o
  LD      drivers/staging/iio/built-in.o
  CC      drivers/media/platform/exynos/fimc-is2/fimc-is-device-ischain.o
  CC      kernel/kallsyms.o
  CC      fs/notify/dnotify/dnotify.o
  CC      drivers/net/wireless/bcmdhd_1_77_nn/dhd_linux.o
  CC      net/netfilter/xt_NFLOG.o
  CC      lib/int_sqrt.o
  CC      net/ipv4/netfilter/nf_nat_proto_gre.o
  CC      net/ipv4/tcp_htcp.o
  CC      drivers/staging/samsung/sec_log.o
  CC      drivers/gpu/arm/t7xx/r15p0/mali_kbase_gator_api.o
  CC      drivers/staging/android/lowmemorykiller.o
  LD      kernel/trace/built-in.o
  CC      fs/sysfs/dir.o
  CC      drivers/media/platform/exynos/fimc-is2/fimc-is-interface.o
  LD      fs/notify/fanotify/built-in.o
  CC      fs/sysfs/symlink.o
  CC      drivers/thermal/thermal_hwmon.o
  CC      drivers/trace/exynos-ss.o
  CC      drivers/thermal/of-thermal.o
  CC      net/ipv4/xfrm4_policy.o
  CC      drivers/staging/samsung/sec_debug_last_kmsg.o
  CC      fs/ext4/mballoc.o
  LD      fs/pstore/pstore.o
  CC      drivers/staging/android/ion/ion_system_heap.o
  CC      drivers/gpu/arm/t7xx/r15p0/mali_kbase_debug_mem_view.o
  LD      fs/pstore/ramoops.o
  CC      net/ipv6/ip6_offload.o
  LD      fs/pstore/built-in.o
  CC      drivers/trace/exynos-coresight.o
  CC      drivers/hid/hid-microsoft.o
  CC      drivers/staging/vnswap/vnswap.o
  CC      lib/ioremap.o
  CC      net/netfilter/xt_NFQUEUE.o
  CC      net/netfilter/xt_REDIRECT.o
  CC      net/ipv6/tcpv6_offload.o
  CC      drivers/tty/n_tty.o
  LD      drivers/misc/modem_v1/built-in.o
  LD      drivers/media/platform/exynos/mfc/built-in.o
  CC      fs/sdcardfs/main.o
  CC      drivers/gpu/arm/t7xx/r15p0/mali_kbase_debug_job_fault.o
  CC      drivers/staging/samsung/sec_sysfs.o
  LD      fs/notify/dnotify/built-in.o
  CC      lib/irq_regs.o
  CC      drivers/media/platform/exynos/fimc-is2/fimc-is-time.o
  LD      drivers/misc/built-in.o
  CC      drivers/staging/android/ion/ion_carveout_heap.o
  CC      drivers/scsi/scsi_devinfo.o
  CC      fs/notify/inotify/inotify_fsnotify.o
  CC      drivers/staging/android/ion/ion_chunk_heap.o
  CC      fs/proc/proc_tty.o
  CC      fs/anon_inodes.o
  CC      drivers/staging/android/ion/ion_cma_heap.o
  CC      drivers/thermal/step_wise.o
  CC      drivers/scsi/scsi_sysctl.o
  CC      fs/sdfat/core_exfat.o
  CC      net/ipv4/netfilter/ip_tables.o
  CC      drivers/hid/hid-monterey.o
  CC      drivers/media/platform/exynos/fimc-is2/fimc-is-dvfs.o
  CC      drivers/staging/android/ion/compat_ion.o
  CC      fs/sdfat/api.o
  CC      drivers/usb/class/cdc-acm.o
  LD      net/ipv6/netfilter/nf_conntrack_ipv6.o
  LD      fs/quota/built-in.o
  CC      lib/is_single_threaded.o
  LD      net/ipv6/netfilter/nf_defrag_ipv6.o
  CC      fs/sdcardfs/super.o
  CC      drivers/net/wireless/bcmdhd_1_77_nn/dhd_linux_sched.o
  CC      fs/ext4/block_validity.o
  CC      drivers/scsi/scsi_trace.o
  LD      net/ipv6/netfilter/nf_nat_ipv6.o
  CC      drivers/staging/samsung/sec_reboot.o
  LD      net/ipv6/netfilter/built-in.o
  CC      drivers/thermal/exynos7580/cpu_cooling.o
  CC      drivers/gpu/arm/t7xx/r15p0/mali_kbase_smc.o
  CC      kernel/compat.o
  CC      drivers/staging/vnswap/vnswap_sysfs.o
  CC      drivers/tty/tty_ioctl.o
  LD      drivers/gpu/arm/t7xx/r15p0/platform/exynos/built-in.o
  CC      net/netfilter/xt_SECMARK.o
  CC      drivers/media/platform/exynos/fimc-is2/fimc-is-dt.o
  CC      fs/notify/inotify/inotify_user.o
  CC      drivers/hid/hid-multitouch.o
  CC      fs/ext4/move_extent.o
  CC      drivers/net/usb/smsc9500.o
  CC      drivers/staging/android/ion/exynos/exynos_ion_v2.o
  LD      drivers/gpu/arm/t7xx/r15p0/platform/built-in.o
  CC      drivers/thermal/exynos7580/gpu_cooling.o
  CC      drivers/video/fb_notify.o
  CC      lib/klist.o
  CC      drivers/net/usb/smscusbnet.o
  CC      drivers/net/wireless/bcmdhd_1_77_nn/dhd_cfg80211.o
  CC      drivers/tty/tty_ldisc.o
  CC      drivers/staging/samsung/sec_debug.o
  CC      net/ipv4/netfilter/iptable_filter.o
  CC      drivers/net/usb/net1080.o
  CC      fs/f2fs/acl.o
  CC      net/ipv6/udp_offload.o
  LD      drivers/staging/vnswap/built-in.o
  CC      lib/kobject.o
  CC      drivers/scsi/scsi_pm.o
  LD      drivers/media/v4l2-core/built-in.o
  CC      drivers/net/wireless/bcmdhd_1_77_nn/dhd_linux_wq.o
  CC      drivers/tty/tty_buffer.o
  CC      drivers/tty/tty_port.o
  CC      drivers/staging/android/alarm-dev.o
  CC      drivers/hid/hid-ortek.o
  CC      drivers/thermal/exynos7580/exynos_tmu.o
  CC      drivers/gpu/arm/t7xx/r15p0/mali_kbase_mem_pool.o
  CC      net/ipv4/xfrm4_state.o
  CC      net/netfilter/xt_TPROXY.o
  CC      fs/sysfs/mount.o
  CC      kernel/cgroup.o
  CC      fs/ext4/mmp.o
  CC      fs/proc/cmdline.o
  CC      drivers/net/usb/cdc_subset.o
  CC      net/ipv4/xfrm4_input.o
  LD      drivers/trace/built-in.o
  CC      fs/sdfat/blkdev.o
  CC      drivers/scsi/sd.o
  CC      drivers/staging/samsung/sec_getlog.o
  CC      net/netfilter/xt_TCPMSS.o
  CC      drivers/staging/android/sync.o
  CC      drivers/thermal/exynos7580/exynos_tmu_data.o
  CC      drivers/video/fbmem.o
  CC      drivers/video/fbmon.o
  CC      drivers/hid/hid-prodikeys.o
  CC      drivers/staging/android/sw_sync.o
  CC      fs/sysfs/bin.o
  CC      fs/sdcardfs/lookup.o
  CC      drivers/usb/core/usb.o
  CC      drivers/usb/core/hub.o
  CC      drivers/net/usb/zaurus.o
  CC      drivers/virtio/virtio.o
  CC      drivers/watchdog/watchdog_core.o
  CC      drivers/watchdog/watchdog_dev.o
  CC      drivers/gpu/arm/t7xx/r15p0/mali_kbase_mem_pool_debugfs.o
  CC      fs/signalfd.o
  CC      drivers/gpu/arm/t7xx/r15p0/mali_kbase_tlstream.o
  CC      fs/proc/consoles.o
  CC      drivers/watchdog/s3c2410_wdt.o
  CC      kernel/cgroup_freezer.o
  LD      drivers/thermal/thermal_sys.o
  CC      lib/kobject_uevent.o
  CC      drivers/virtio/virtio_ring.o
  CC      fs/ext4/indirect.o
  CC      net/ipv6/exthdrs_offload.o
  CC      drivers/hid/hid-pl.o
  CC      drivers/usb/gadget/udc-core.o
  CC      lib/md5.o
  CC      drivers/usb/host/ehci-hcd.o
  LD      fs/notify/inotify/built-in.o
  CC      fs/sdcardfs/mmap.o
  CC      drivers/gpu/arm/t7xx/r15p0/mali_kbase_strings.o
  LD      fs/notify/built-in.o
  CC      drivers/net/usb/usbnet.o
  CC      drivers/video/fbcmap.o
  CC      drivers/usb/core/hcd.o
  CC      fs/sysfs/group.o
  CC      drivers/usb/core/urb.o
  CC      kernel/utsname.o
  CC      fs/ext4/extents_status.o
  CC      net/netfilter/xt_TRACE.o
  CC      drivers/staging/samsung/sec_gaf.o
  CC      drivers/usb/gadget/android.o
  CC      net/ipv4/netfilter/iptable_mangle.o
  CC      drivers/media/platform/exynos/fimc-is2/fimc-is-clk-gate.o
  CC      lib/plist.o
  CC      drivers/thermal/exynos7580/exynos_thermal_common.o
  CC      drivers/usb/host/ehci-s5p.o
  CC      drivers/net/wireless/bcmdhd_1_77_nn/aiutils.o
  CC      drivers/tty/tty_mutex.o
  CC      fs/sdcardfs/packagelist.o
  CC      drivers/video/fbsysfs.o
  CC      fs/timerfd.o
  LD      drivers/staging/android/ion/exynos/built-in.o
  CC      fs/proc/cpuinfo.o
  CC      fs/sdfat/fatent.o
  CC      drivers/usb/misc/exynos-usb-switch.o
  LD      drivers/staging/android/ion/built-in.o
  CC      drivers/net/usb/cdc_ncm.o
  LD      drivers/usb/class/built-in.o
  CC      drivers/staging/samsung/sec_debug_reset_reason.o
  LD      fs/sysfs/built-in.o
  CC      drivers/gpu/arm/t7xx/r15p0/mali_kbase_as_fault_debugfs.o
  CC      drivers/virtio/virtio_mmio.o
  CC      fs/proc/devices.o
  CC      net/ipv4/xfrm4_output.o
  CC      drivers/usb/gadget/usbstring.o
  CC      drivers/hid/hid-petalynx.o
  CC      net/netfilter/xt_IDLETIMER.o
  CC      drivers/net/wireless/bcmdhd_1_77_nn/bcmevent.o
  CC      drivers/usb/gadget/config.o
  LD      drivers/staging/android/built-in.o
  CC      drivers/net/wireless/bcmdhd_1_77_nn/bcmutils.o
  CC      drivers/usb/host/ohci-hcd.o
  CC      drivers/tty/tty_ldsem.o
  CC      net/ipv4/netfilter/iptable_nat.o
  CC      net/ipv6/inet6_hashtables.o
  LD      drivers/net/usb/asix.o
  CC      lib/prio_heap.o
  CC      drivers/video/modedb.o
  CC      drivers/gpu/arm/t7xx/r15p0/mali_kbase_regs_history_debugfs.o
  LD      fs/jbd2/jbd2.o
  CC      drivers/usb/gadget/epautoconf.o
  CC      fs/ext4/xattr.o
  LD      fs/jbd2/built-in.o
  LD      fs/f2fs/f2fs.o
  CC      drivers/video/fbcvt.o
  CC      drivers/usb/notify/host_notify_class.o
  CC      fs/proc/interrupts.o
  CC      fs/sdfat/amap_smart.o
  CC      drivers/video/backlight/lcd.o
  CC      drivers/video/backlight/backlight.o
  LD      drivers/watchdog/watchdog.o
  CC      drivers/media/platform/exynos/fimc-is2/hardware/api/fimc-is-api-fd.o
  CC      net/netfilter/xt_comment.o
  CC      drivers/staging/samsung/sec_argos.o
  LD      fs/f2fs/built-in.o
  LD      drivers/watchdog/built-in.o
  CC      drivers/usb/gadget/composite.o
  CC      drivers/video/backlight/generic_bl.o
  CC      kernel/pid_namespace.o
  LD      drivers/hid/hid-picolcd.o
  CC      drivers/usb/core/message.o
  CC      drivers/hid/hid-primax.o
  CC      fs/ext4/xattr_user.o
  CC      fs/proc/loadavg.o
  CC      drivers/staging/samsung/sec_bsp.o
  CC      drivers/net/wireless/bcmdhd_1_77_nn/bcmwifi_channels.o
  CC      drivers/usb/notify/external_notify.o
  CC      drivers/gpu/arm/t7xx/r15p0/backend/gpu/mali_kbase_cache_policy_backend.o
  CC      fs/sdcardfs/derived_perm.o
  LD      drivers/thermal/exynos7580/exynos_thermal.o
  CC      drivers/gpu/arm/t7xx/r15p0/backend/gpu/mali_kbase_device_hw.o
  CC      drivers/usb/core/driver.o
  LD      drivers/thermal/exynos7580/built-in.o
  LD      drivers/thermal/built-in.o
  CC      drivers/gpu/arm/t7xx/r15p0/backend/gpu/mali_kbase_gpu.o
  CC      fs/proc/meminfo.o
  CC      drivers/net/wireless/bcmdhd_1_77_nn/hndpmu.o
  CC      drivers/tty/pty.o
  LD      net/ipv6/ipv6.o
  CC      fs/eventfd.o
  CC      net/netfilter/xt_connbytes.o
  CC      lib/proportions.o
  CC      drivers/usb/notify/usblog_proc_notify.o
  CC      drivers/usb/core/config.o
  CC      drivers/usb/phy/phy.o
  CC      drivers/net/wireless/bcmdhd_1_77_nn/linux_osl.o
  CC      drivers/usb/phy/of.o
  CC      fs/sdfat/cache.o
  CC      net/ipv4/netfilter/iptable_raw.o
  CC      fs/sdfat/dfr.o
  CC      drivers/usb/serial/usb-serial.o
  CC      net/netfilter/xt_connlabel.o
  CC      drivers/hid/hid-roccat.o
  CC      fs/proc/stat.o
  LD      drivers/video/external_hdmi/built-in.o
  LD      drivers/virtio/built-in.o
  CC      drivers/gpu/arm/t7xx/r15p0/backend/gpu/mali_kbase_gpuprops_backend.o
  LD      drivers/usb/misc/built-in.o
  CC      net/netfilter/xt_connlimit.o
  CC      drivers/usb/usb-common.o
  CC      fs/aio.o
  CC      drivers/usb/gadget/functions.o
  CC      drivers/tty/tty_audit.o
  CC      drivers/hid/hid-roccat-common.o
  CC      fs/ext4/xattr_trusted.o
  CC      drivers/gpu/arm/t7xx/r15p0/backend/gpu/mali_kbase_debug_job_fault_backend.o
  CC      lib/radix-tree.o
  CC      fs/ext4/inline.o
  CC      drivers/usb/phy/otg-wakelock.o
  CC      drivers/usb/notify/usb_notify.o
  CC      drivers/usb/storage/scsiglue.o
  CC      drivers/net/wireless/bcmdhd_1_77_nn/sbutils.o
  CC      drivers/media/platform/exynos/fimc-is2/ischain/fimc-is-v3_1_1/fimc-is-hw-pwr.o
  CC      fs/ext4/xattr_security.o
  CC      drivers/gpu/arm/t7xx/r15p0/backend/gpu/mali_kbase_irq_linux.o
  CC      drivers/video/exynos/exynos_mipi_dsi.o
  CC      fs/proc/uptime.o
  CC      drivers/usb/gadget/configfs.o
  CC      net/ipv4/netfilter/iptable_security.o
  CC      drivers/usb/core/file.o
  CC      drivers/media/platform/exynos/fimc-is2/ischain/fimc-is-v3_1_1/fimc-is-hw-chain.o
  LD      drivers/video/backlight/built-in.o
  CC      drivers/hid/hid-roccat-arvo.o
  CC      drivers/usb/storage/protocol.o
  CC      drivers/media/platform/exynos/fimc-is2/vendor/fimc-is-spi.o
  CC      drivers/usb/gadget/f_acm.o
  LD      drivers/staging/samsung/built-in.o
  CC      drivers/media/platform/exynos/fimc-is2/sensor/csi/fimc-is-hw-csi-v3_4.o
  LD      drivers/staging/built-in.o
  CC      drivers/media/platform/exynos/fimc-is2/vendor/fimc-is-i2c.o
  CC      drivers/media/platform/exynos/fimc-is2/sensor/module/fimc-is-device-5e3.o
  CC      drivers/video/exynos/exynos_mipi_dsi_common.o
  CC      kernel/res_counter.o
  CC      fs/sdfat/nls.o
  CC      drivers/net/wireless/bcmdhd_1_77_nn/siutils.o
  CC      net/ipv4/netfilter/ipt_ah.o
  LD      drivers/video/omap2/displays/built-in.o
  CC      drivers/tty/sysrq.o
  CC      fs/proc/version.o
  CC      drivers/usb/phy/phy-samsung-usb.o
  CC      drivers/usb/notify/usb_notify_sysfs.o
  LD      drivers/video/omap2/built-in.o
  CC      net/netfilter/xt_conntrack.o
  CC      drivers/usb/serial/generic.o
  CC      drivers/usb/gadget/s3c_udc_otg.o
  CC      drivers/usb/storage/transport.o
  CC      drivers/media/platform/exynos/fimc-is2/sensor/module/fimc-is-device-3l2.o
  CC      lib/ratelimit.o
  LD      drivers/media/platform/exynos/fimc-is2/hardware/api/built-in.o
  CC      drivers/media/platform/exynos/fimc-is2/vendor/fimc-is-sec-define.o
  CC      drivers/video/exynos/exynos_mipi_dsi_lowlevel.o
  CC      drivers/usb/core/buffer.o
  CC      drivers/hid/hid-roccat-isku.o
  LD      drivers/media/platform/exynos/fimc-is2/ischain/fimc-is-v4_0_0/built-in.o
  CC      drivers/usb/storage/usb.o
  LD      drivers/tty/ipwireless/built-in.o
  CC      net/netfilter/xt_ecn.o
  CC      drivers/usb/phy/phy-samsung-dwc-usb2.o
  CC      drivers/net/wireless/bcmdhd_1_77_nn/wl_android.o
  CC      drivers/usb/serial/bus.o
  LD      net/ipv6/built-in.o
  CC      fs/sdfat/misc.o
  LD      drivers/media/platform/exynos/fimc-is2/ischain/fimc-is-v3_1_1/built-in.o
  CC      kernel/stop_machine.o
  CC      fs/proc/softirqs.o
  LD      drivers/media/platform/exynos/fimc-is2/ischain/built-in.o
  CC      fs/locks.o
  CC      drivers/usb/notify/dock_notify.o
  CC      drivers/video/cfbfillrect.o
  CC      lib/rbtree.o
  LD      drivers/media/platform/exynos/fimc-is2/sensor/csi/built-in.o
  CC      lib/reciprocal_div.o
  CC      drivers/media/platform/exynos/fimc-is2/vendor/crc32.o
  CC      drivers/usb/core/sysfs.o
  CC      drivers/media/platform/exynos/fimc-is2/vendor/fimc-is-sysfs.o
  CC      fs/compat.o
  CC      fs/proc/namespaces.o
  CC      lib/rwsem.o
  CC      drivers/tty/serial/serial_core.o
  CC      fs/proc/self.o
  CC      drivers/gpu/arm/t7xx/r15p0/backend/gpu/mali_kbase_instr_backend.o
  CC      drivers/media/platform/exynos/fimc-is2/vendor/fimc-is-device-from.o
  CC      drivers/usb/serial/ftdi_sio.o
  CC      drivers/usb/gadget/u_serial.o
  CC      drivers/usb/storage/initializers.o
  CC      kernel/audit.o
  CC      drivers/usb/notify/usb_notifier.o
  CC      drivers/usb/core/endpoint.o
  CC      drivers/usb/gadget/multi_config.o
  CC      net/netfilter/xt_hashlimit.o
  CC      drivers/net/wireless/bcmdhd_1_77_nn/wl_cfg80211.o
  CC      drivers/gpu/arm/t7xx/r15p0/backend/gpu/mali_kbase_jm_as.o
  CC      drivers/usb/core/devio.o
  CC      drivers/usb/phy/phy-samsung-usb2-cal.o
  LD      drivers/tty/vt/built-in.o
  CC      drivers/usb/core/notify.o
  CC      lib/sha1.o
  CC      drivers/net/wireless/bcmdhd_1_77_nn/wl_cfgp2p.o
  CC      drivers/net/wireless/bcmdhd_1_77_nn/wl_cfg_btcoex.o
  CC      drivers/hid/hid-roccat-kone.o
  CC      net/ipv4/netfilter/ipt_rpfilter.o
  CC      fs/compat_ioctl.o
  CC      fs/sdfat/mpage.o
  CC      net/netfilter/xt_helper.o
  CC      net/ipv4/netfilter/ipt_MASQUERADE.o
  CC      net/ipv4/netfilter/ipt_REJECT.o
  LD      drivers/video/exynos/panels/built-in.o
  CC      net/ipv4/netfilter/arp_tables.o
  CC      net/ipv4/netfilter/arpt_mangle.o
  CC      drivers/video/cfbcopyarea.o
  CC      drivers/video/exynos/decon_7580/decon_core.o
  CC      fs/proc/stlog.o
  CC      drivers/hid/hid-roccat-koneplus.o
  CC      net/ipv4/netfilter/arptable_filter.o
  CC      drivers/video/exynos/decon_7580/decon-int_drv.o
  LD      drivers/usb/phy/built-in.o
  LD      fs/sdcardfs/sdcardfs.o
  CC      drivers/usb/core/generic.o
  CC      drivers/tty/serial/samsung.o
  CC      fs/proc/proc_sysctl.o
  CC      drivers/net/wireless/bcmdhd_1_77_nn/wldev_common.o
  LD      fs/sdcardfs/built-in.o
  LD      drivers/usb/notify/usb_notify_layer.o
  CC      drivers/usb/storage/sierra_ms.o
  CC      drivers/hid/hid-roccat-konepure.o
  LD      drivers/usb/notify/built-in.o
  CC      drivers/media/platform/exynos/fimc-is2/vendor/fimc-is-device-eeprom.o
  CC      kernel/auditfilter.o
  CC      drivers/usb/core/quirks.o
  LD      drivers/scsi/scsi_mod.o
  CC      drivers/video/exynos/decon_7580/decon_helper.o
  CC      fs/proc/proc_net.o
  CC      fs/sdfat/extent.o
  LD      net/ipv4/netfilter/nf_conntrack_ipv4.o
  LD      drivers/scsi/sd_mod.o
  CC      drivers/hid/hid-roccat-kovaplus.o
  CC      kernel/auditsc.o
  CC      net/netfilter/xt_hl.o
  LD      drivers/scsi/built-in.o
  CC      kernel/audit_watch.o
  CC      lib/show_mem.o
  CC      fs/sdfat/xattr.o
  CC      fs/proc/proc_devtree.o
  CC      kernel/audit_tree.o
  CC      drivers/usb/storage/option_ms.o
  LD      net/ipv4/netfilter/nf_nat_ipv4.o
  CC      drivers/gpu/arm/t7xx/r15p0/backend/gpu/mali_kbase_jm_hw.o
  CC      drivers/net/wireless/bcmdhd_1_77_nn/wl_linux_mon.o
  CC      lib/string.o
  LD      drivers/usb/serial/usbserial.o
  CC      drivers/hid/hid-roccat-lua.o
  CC      kernel/watchdog.o
  CC      kernel/seccomp.o
  CC      fs/sdfat/statistics.o
  CC      drivers/usb/core/devices.o
  CC      drivers/gpu/arm/t7xx/r15p0/backend/gpu/mali_kbase_jm_rb.o
  CC      drivers/hid/hid-roccat-pyra.o
  CC      drivers/net/wireless/bcmdhd_1_77_nn/wl_roam.o
  LD      drivers/media/platform/exynos/fimc-is2/sensor/module/built-in.o
  CC      fs/binfmt_script.o
  CC      drivers/video/cfbimgblt.o
  CC      drivers/video/exynos/decon_7580/decon_reg_7580.o
  LD      drivers/media/platform/exynos/fimc-is2/sensor/built-in.o
  CC      drivers/usb/storage/usual-tables.o
  CC      kernel/rcutree.o
  CC      drivers/video/exynos/decon_7580/decon_board.o
  CC      drivers/usb/core/port.o
  CC      fs/binfmt_elf.o
  CC      net/netfilter/xt_iprange.o
  LD      drivers/usb/serial/built-in.o
  CC      drivers/gpu/arm/t7xx/r15p0/backend/gpu/mali_kbase_js_affinity.o
  CC      drivers/video/sysfillrect.o
  CC      fs/compat_binfmt_elf.o
  CC      drivers/video/exynos/decon_7580/dsim_drv.o
  CC      net/netfilter/xt_length.o
  CC      drivers/video/syscopyarea.o
  CC      fs/mbcache.o
  CC      drivers/hid/hid-roccat-savu.o
  CC      kernel/utsname_sysctl.o
  CC      drivers/gpu/arm/t7xx/r15p0/backend/gpu/mali_kbase_js_backend.o
  CC      drivers/hid/hid-saitek.o
  LD      drivers/usb/storage/usb-storage.o
  CC      fs/proc/kmsg.o
  CC      lib/timerqueue.o
  CC      kernel/delayacct.o
  LD      drivers/usb/storage/built-in.o
  LD      drivers/media/platform/exynos/fimc-is2/vendor/built-in.o
  LD      drivers/tty/serial/built-in.o
  LD      drivers/usb/host/built-in.o
  CC      drivers/video/sysimgblt.o
  CC      net/netfilter/xt_limit.o
  CC      fs/posix_acl.o
  LD      drivers/tty/built-in.o
  LD      drivers/media/platform/exynos/fimc-is2/fimc-is.o
  CC      drivers/net/wireless/bcmdhd_1_77_nn/dhd_linux_platdev.o
  CC      lib/vsprintf.o
  CC      drivers/gpu/arm/t7xx/r15p0/backend/gpu/mali_kbase_mmu_hw_direct.o
  CC      fs/xattr_acl.o
  CC      drivers/net/wireless/bcmdhd_1_77_nn/hnd_pktq.o
  CC      net/netfilter/xt_mac.o
  CC      fs/proc/page.o
  CC      drivers/net/wireless/bcmdhd_1_77_nn/hnd_pktpool.o
  CC      drivers/video/fb_sys_fops.o
  CC      drivers/hid/hid-samsung.o
  LD      fs/sdfat/sdfat_fs.o
  LD      drivers/media/platform/exynos/fimc-is2/built-in.o
  CC      drivers/video/exynos/decon_7580/dsim_reg_7580.o
  CC      fs/generic_acl.o
  LD      fs/sdfat/built-in.o
  LD      drivers/media/platform/exynos/built-in.o
  CC      drivers/gpu/arm/t7xx/r15p0/backend/gpu/mali_kbase_pm_backend.o
  CC      kernel/taskstats.o
  CC      drivers/hid/hid-sjoy.o
  CC      drivers/video/fb_defio.o
  CC      net/netfilter/xt_pkttype.o
  CC      drivers/net/wireless/bcmdhd_1_77_nn/dhd_debug.o
  CC      drivers/hid/hid-sony.o
  CC      fs/coredump.o
  GEN     lib/crc32table.h
  CC      drivers/video/exynos/decon_7580/panels/dsim_panel.o
  CC      fs/drop_caches.o
  CC      fs/dcookies.o
  CC      net/netfilter/xt_policy.o
  CC      kernel/tsacct.o
  CC      drivers/hid/hid-speedlink.o
  CC      drivers/video/simplefb.o
  CC      drivers/gpu/arm/t7xx/r15p0/backend/gpu/mali_kbase_pm_driver.o
  CC      drivers/video/exynos/decon_7580/panels/mdnie_lite.o
  CC      net/netfilter/xt_qtaguid_print.o
  CC      lib/oid_registry.o
  CC      drivers/net/wireless/bcmdhd_1_77_nn/dhd_debug_linux.o
  CC      drivers/gpu/arm/t7xx/r15p0/backend/gpu/mali_kbase_pm_metrics.o
  LD      drivers/video/fb.o
  CC      drivers/hid/hid-sunplus.o
  CC      drivers/video/exynos/decon_7580/panels/s6e3aa2_a3xe_lcd_ctrl.o
  CC      kernel/tracepoint.o
  LD      drivers/media/platform/built-in.o
  CC      kernel/elfcore.o
  CC      net/netfilter/xt_qtaguid.o
  CC      kernel/irq_work.o
  CC      kernel/cpu_pm.o
  CC      lib/crc32.o
  CC      drivers/gpu/arm/t7xx/r15p0/backend/gpu/mali_kbase_pm_ca.o
  CC      drivers/hid/hid-gaff.o
  CC      drivers/video/exynos/decon_7580/panels/dynamic_aid.o
  CC      drivers/net/wireless/bcmdhd_1_77_nn/dhd_custom_cis.o
  BC      kernel/timeconst.h
  CC      drivers/gpu/arm/t7xx/r15p0/backend/gpu/mali_kbase_pm_ca_fixed.o
  CC      drivers/hid/hid-tmff.o
  CC      drivers/net/wireless/bcmdhd_1_77_nn/dhd_mschdbg.o
  CC      kernel/time.o
  CC      net/netfilter/xt_quota.o
  CC      drivers/gpu/arm/t7xx/r15p0/backend/gpu/mali_kbase_pm_always_on.o
  CC      net/netfilter/xt_quota2.o
  CC      drivers/hid/hid-tivo.o
  LD      fs/proc/proc.o
  CC      drivers/gpu/arm/t7xx/r15p0/backend/gpu/mali_kbase_pm_coarse_demand.o
  CC      drivers/hid/hid-topseed.o
  LD      fs/proc/built-in.o
  CC      drivers/hid/hid-twinhan.o
  CC      net/netfilter/xt_sctp.o
  CC      drivers/net/wireless/bcmdhd_1_77_nn/bcmsdh.o
  LD      net/ipv4/netfilter/built-in.o
  LD      drivers/media/built-in.o
  CC      net/netfilter/xt_socket.o
  CC      net/netfilter/xt_state.o
  CC      drivers/hid/hid-uclogic.o
  CC      drivers/gpu/arm/t7xx/r15p0/backend/gpu/mali_kbase_pm_demand.o
  CC      drivers/net/wireless/bcmdhd_1_77_nn/bcmsdh_linux.o
  LD      net/ipv4/built-in.o
  CC      net/netfilter/xt_statistic.o
  CC      drivers/hid/hid-zagg.o
  CC      drivers/gpu/arm/t7xx/r15p0/backend/gpu/mali_kbase_pm_policy.o
  CC      net/netfilter/xt_string.o
  CC      drivers/net/wireless/bcmdhd_1_77_nn/bcmsdh_sdmmc.o
  CC      net/netfilter/xt_time.o
  CC      drivers/gpu/arm/t7xx/r15p0/backend/gpu/mali_kbase_time.o
  CC      drivers/hid/hid-zpff.o
  CC      net/netfilter/xt_u32.o
  CC      drivers/net/wireless/bcmdhd_1_77_nn/bcmsdh_sdmmc_linux.o
  CC      drivers/hid/hid-zydacron.o
  LD      net/netfilter/netfilter.o
  LD      net/netfilter/nfnetlink_queue.o
  LD      drivers/usb/core/usbcore.o
  CC      drivers/net/wireless/bcmdhd_1_77_nn/dhd_cdc.o
  LD      net/netfilter/nf_conntrack.o
  LD      drivers/usb/core/built-in.o
  CC      drivers/hid/hid-waltop.o
  LD      drivers/hid/hid-wiimote.o
  CC      net/netfilter/interceptor/ip_selector_db.o
  CC      drivers/hid/hid-synaptics-bt.o
  CC      drivers/net/wireless/bcmdhd_1_77_nn/dhd_sdio.o
  LD      drivers/hid/hid.o
  CC      net/netfilter/interceptor/ip_selector_match.o
  CC      drivers/hid/usbhid/hid-core.o
  CC      drivers/hid/usbhid/hid-quirks.o
  CC      net/netfilter/interceptor/kernelspd_main.o
  CC      drivers/net/wireless/bcmdhd_1_77_nn/dhd_wlfc.o
  CC      net/netfilter/interceptor/kernelspd_hooks.o
  CC      net/netfilter/interceptor/ipsec_boundary.o
  CC      net/netfilter/interceptor/kernelspd_procfs.o
  CC      drivers/net/wireless/bcmdhd_1_77_nn/wl_cfgvendor.o
  LD      lib/built-in.o
  CC      net/netfilter/interceptor/debug_filter.o
  CC      net/netfilter/interceptor/debug_strf.o
  CC      net/netfilter/interceptor/debug_linux.o
  CC      net/netfilter/interceptor/debug_strbuf_stack.o
  CC      drivers/net/wireless/bcmdhd_1_77_nn/bcmxtlv.o
  CC      drivers/net/wireless/bcmdhd_1_77_nn/bcm_app_utils.o
  LD      drivers/net/usb/built-in.o
  LD      drivers/gpu/arm/t7xx/r15p0/mali_kbase.o
  LD      kernel/built-in.o
  LD      drivers/gpu/arm/t7xx/r15p0/built-in.o
  LD      net/netfilter/interceptor/vpnclient.o
  LD      net/netfilter/interceptor/built-in.o
  LD      fs/ext4/ext4.o
  LD      drivers/gpu/arm/built-in.o
  LD      drivers/usb/gadget/usb_f_acm.o
  LD      drivers/usb/gadget/libcomposite.o
  LD      drivers/usb/gadget/g_android.o
  LD      drivers/usb/gadget/built-in.o
  AR      lib/lib.a
  LD      drivers/usb/built-in.o
  LD      fs/ext4/built-in.o
  LD      drivers/gpu/built-in.o
  LD      drivers/video/exynos/decon_7580/dsim.o
  LD      drivers/video/exynos/decon_7580/decon.o
  LD      net/netfilter/built-in.o
  LD      fs/built-in.o
  LD      drivers/video/exynos/decon_7580/panels/built-in.o
  LD      drivers/video/exynos/decon_7580/built-in.o
  LD      drivers/video/exynos/built-in.o
  LD      drivers/video/built-in.o
  LD      drivers/hid/usbhid/usbhid.o
  LD      drivers/hid/usbhid/built-in.o
  LD      net/built-in.o
  LD      drivers/hid/built-in.o
  LD      drivers/net/wireless/bcmdhd_1_77_nn/dhd.o
  LD      drivers/net/wireless/bcmdhd_1_77_nn/built-in.o
  LD      drivers/net/wireless/built-in.o
  LD      drivers/net/built-in.o
  LD      drivers/built-in.o
  LINK    vmlinux
  LD      vmlinux.o
  MODPOST vmlinux.o
  GEN     .version
  CHK     include/generated/compile.h
  CC      init/main.o
  CC      init/do_mounts.o
  CC      init/do_mounts_rd.o
  CC      init/do_mounts_initrd.o
  CC      init/initramfs.o
  CC      init/calibrate.o
  CC      init/init_task.o
  UPD     include/generated/compile.h
  CC      init/version.o
  LD      init/mounts.o
  LD      init/built-in.o
  KSYM    .tmp_kallsyms1.o
  KSYM    .tmp_kallsyms2.o
  LD      vmlinux
  SORTEX  vmlinux
  SYSMAP  System.map
  OBJCOPY arch/arm64/boot/Image
  GZIP    arch/arm64/boot/Image.gz
